age,balance,duration
30,1787,79
33,4789,220
35,1350,185
30,1476,199
59,0,226
35,747,141
36,307,341
39,147,151
41,221,57
43,-88,313
39,9374,273
43,264,113
36,1109,328
20,502,261
31,360,89
40,194,189
56,4073,239
37,2317,114
25,-221,250
31,132,148
38,0,96
42,16,140
44,106,109
44,93,125
26,543,169
41,5883,182
55,627,247
67,696,119
56,784,149
53,105,74
68,4189,897
31,171,81
59,42,40
32,2536,958
49,1235,354
42,1811,150
78,229,97
32,2089,132
33,3935,765
23,363,16
38,11971,609
36,553,106
52,1117,365
32,396,205
32,2204,11
34,872,105
55,145,59
26,0,425
32,-849,204
61,4629,181
45,844,1018
37,228,1740
38,50,98
34,1539,441
53,2231,272
48,3064,159
57,82,140
33,2155,295
36,101,314
54,784,579
41,-516,554
63,415,323
48,5887,227
48,1355,134
56,16873,223
51,203,134
31,338,155
29,444,130
41,0,630
32,360,164
37,0,268
42,2,380
31,6248,154
41,412,154
56,344,221
54,3222,67
41,174,367
40,591,87
50,388,701
40,219,204
27,451,652
60,5,63
28,177,150
52,657,398
37,1315,224
51,1466,406
41,879,60
35,293,521
38,424,279
34,1831,203
39,111,201
34,455,372
27,-195,391
32,3616,165
57,14093,231
41,1567,291
41,5426,149
30,261,233
36,2843,473
31,406,736
36,0,337
38,493,553
49,5996,345
57,3777,65
34,524,9
32,574,259
37,427,371
33,483,280
56,3391,243
27,0,435
21,2488,258
58,1517,7
32,217,317
33,22,76
25,331,170
25,505,386
30,1808,83
22,4111,65
39,52,69
46,25,564
31,1890,588
45,419,113
32,2693,16
36,-231,779
51,-55,281
34,462,1877
24,119,51
45,586,32
32,228,176
77,4659,161
41,168,187
37,0,24
43,-715,67
48,0,85
27,769,317
33,0,236
29,428,54
34,0,71
52,-970,489
60,6313,39
32,948,204
32,0,455
56,1877,86
31,874,190
42,323,280
35,106,588
56,1906,45
48,1152,168
46,179,194
37,391,103
41,89,333
36,442,102
45,-249,92
55,8104,213
39,501,289
35,308,77
55,602,324
55,273,84
27,50,168
34,1641,380
34,20,10
25,4590,199
41,-256,35
43,978,82
28,80,676
31,2104,455
78,499,80
45,1269,549
48,310,135
32,1143,412
42,2980,101
37,37,253
40,462,272
32,1031,84
42,9009,135
43,-465,166
44,5181,18
37,176,147
37,1699,63
37,0,65
28,172,194
32,0,333
34,6979,14
40,6,140
34,-62,109
34,1972,61
34,899,377
37,21,96
36,23,152
56,-1206,382
49,0,97
33,215,543
30,1372,240
36,1981,48
23,9216,471
57,39,354
27,5563,435
38,1,152
42,782,285
75,3771,185
34,992,301
48,1526,273
35,2658,768
39,1315,1337
29,455,403
45,0,139
42,2030,196
29,1599,115
38,-196,60
56,1333,17
36,9149,141
25,-350,95
38,432,10
57,11494,198
31,-253,220
42,372,654
45,1410,71
30,975,256
49,305,834
49,400,151
53,-22,20
37,4030,178
49,365,59
41,204,111
54,1691,186
32,406,227
33,-204,297
33,359,210
36,123,9
35,0,112
52,142,112
40,3571,222
44,33,195
45,0,768
30,3096,123
48,20,145
33,3576,124
57,206,216
57,7082,69
51,1634,168
34,1,483
50,4012,690
44,3762,125
27,-247,344
50,606,673
36,0,60
42,-189,247
32,0,123
42,484,144
43,0,9
31,395,155
32,2349,134
55,410,221
58,3401,84
46,222,71
55,989,246
34,415,361
28,16,119
42,7190,375
29,482,1097
54,209,97
32,0,181
39,5803,83
53,624,180
58,883,543
40,1516,373
29,872,230
33,-988,83
38,902,58
56,1007,88
40,0,297
24,174,487
46,12186,29
35,524,484
35,0,262
34,4,644
35,11219,699
38,0,247
50,5776,49
51,37,341
59,593,64
32,1148,121
37,3561,98
42,63,88
40,260,197
28,2269,331
47,1060,83
27,-220,138
41,49,312
34,69,120
50,4108,526
47,480,211
53,4994,62
53,0,135
47,3681,101
49,-701,988
29,451,451
45,-311,1030
38,593,1484
32,759,317
70,4531,445
65,1840,383
56,345,605
35,1287,330
56,353,171
56,205,442
49,687,772
38,1147,249
35,4286,357
38,605,147
49,8545,199
55,559,271
43,2,783
43,2,472
25,760,223
30,1317,395
46,182,56
50,276,641
35,2971,429
26,1064,113
45,1783,11
37,-67,157
60,179,79
38,1199,178
47,214,168
33,6699,425
51,1760,162
35,145,799
35,978,1370
48,1150,357
37,121,22
29,828,215
34,244,56
32,228,1017
30,424,298
47,447,126
33,-195,9
33,1410,8
63,1084,201
51,10924,106
41,832,164
56,478,97
60,0,151
41,3950,96
37,504,555
36,219,270
57,1602,339
55,2587,328
44,0,159
47,2303,323
31,1660,342
35,32,180
39,278,60
50,4,223
29,318,1434
30,209,30
46,271,134
27,3196,10
48,4099,397
26,2572,620
36,339,6
42,0,209
50,395,419
49,2039,283
45,5450,188
23,780,267
38,0,196
32,8436,245
60,11262,323
30,946,1065
58,497,138
60,55,207
38,-140,456
51,-379,261
42,-396,80
30,0,131
40,733,94
37,393,567
53,7290,153
27,468,109
39,0,53
39,3705,77
59,9676,234
37,1328,121
41,8,155
45,61,108
48,6613,159
48,302,208
32,1005,215
35,109,597
33,1240,505
28,0,380
64,2923,120
35,0,106
33,43,332
41,288,221
34,613,80
37,6101,60
38,168,212
39,7685,493
35,4515,98
28,517,681
27,148,203
48,-285,157
50,887,287
45,3098,159
41,744,125
39,130,202
44,438,37
54,0,161
49,322,72
34,186,342
75,3810,262
42,0,325
53,4380,223
49,755,1212
31,2070,319
45,999,182
39,167,330
46,1322,514
42,1076,213
37,502,551
26,1216,472
37,876,140
36,342,142
29,950,135
36,973,293
26,3825,107
32,2366,127
40,542,1816
53,995,200
29,20,418
34,228,387
43,130,156
56,217,121
55,0,108
31,259,47
27,619,16
36,644,54
44,22,265
37,4303,168
30,239,115
42,275,31
30,1221,279
62,816,28
24,1222,369
31,2363,247
66,2262,155
47,2,89
39,2,180
35,4508,854
35,-402,46
27,1577,266
32,34,321
44,795,99
42,117,147
34,5462,430
25,402,264
40,641,156
43,36,118
55,383,343
50,283,226
45,0,5
35,3102,138
32,889,185
59,0,722
34,-370,748
39,-606,142
40,10378,523
36,1313,8
40,8969,153
55,-196,210
38,15,121
61,4608,212
41,666,253
57,452,139
48,149,71
77,7802,421
35,1453,199
54,1480,108
37,715,247
56,237,236
40,694,97
40,0,109
54,55,112
55,136,15
55,-404,502
52,779,30
55,1187,193
33,641,347
52,826,468
33,991,148
53,1796,295
46,22,388
44,244,1735
48,1328,339
50,7317,172
34,4943,117
38,258,587
42,515,501
32,12607,203
58,2,282
31,13,110
19,103,104
41,3872,231
31,296,378
52,217,193
42,360,110
41,428,92
30,315,1407
38,121,168
32,820,738
52,195,220
48,108,89
36,-381,30
45,757,103
34,691,70
36,1925,904
34,902,159
61,5207,336
54,0,220
50,665,238
43,738,585
47,233,293
45,-839,68
57,5799,97
27,1033,1713
49,66,218
43,2567,109
40,1584,661
32,182,145
58,76,54
34,663,111
46,3455,566
29,15,136
52,1054,273
45,1529,160
26,63,76
40,0,44
41,920,239
47,3696,250
27,59,792
27,0,198
48,157,73
49,2465,157
35,0,90
47,2,236
54,0,118
39,12437,40
28,378,346
54,211,200
34,-228,187
63,2747,113
42,1932,192
43,11269,92
37,1314,682
55,2275,139
43,1304,501
41,720,651
47,2914,405
34,1464,350
28,11555,125
36,-302,36
50,2497,35
35,-339,389
40,56,194
26,211,168
36,3611,347
59,0,3025
28,459,83
46,242,332
50,1138,219
53,1319,427
81,1,65
35,67,192
58,937,155
44,0,161
38,-558,533
49,171,19
33,696,193
29,361,819
28,227,278
31,236,211
33,-53,617
52,192,61
43,38,197
32,518,34
36,16,95
41,-256,147
43,105,668
45,334,87
39,1048,405
41,108,83
31,660,115
37,0,108
28,1034,113
47,201,58
37,189,148
60,-49,188
43,1413,75
58,264,523
52,54,103
50,12519,146
32,2881,356
42,0,71
31,88,189
28,1020,251
36,119,127
51,1594,197
46,342,84
50,72,141
32,14,171
26,81,262
41,231,352
39,1161,236
31,-45,184
28,231,568
31,36,105
30,1570,260
35,7050,222
33,3704,447
30,6619,239
32,-84,426
40,1509,333
31,1134,174
36,146,284
33,9449,428
57,374,236
45,88,150
59,2764,237
30,2,1031
33,8023,107
52,289,45
83,0,140
58,1382,700
33,280,155
41,2195,211
31,33,165
35,275,144
27,703,590
57,887,43
56,0,471
53,1178,295
39,2763,526
32,890,27
46,548,1181
56,272,103
46,6269,249
29,178,231
60,252,123
33,23663,199
27,81,197
50,59,67
45,1343,220
58,225,122
59,0,104
58,2538,307
64,43,117
47,57,253
40,-117,770
36,666,190
28,0,767
38,25,232
53,1034,854
46,324,293
54,0,986
32,0,66
55,621,114
55,138,205
56,4063,31
40,11084,113
44,310,200
32,73,158
33,1808,99
41,1281,45
37,64,239
58,2,168
52,60,196
49,133,319
44,3706,209
28,174,184
31,251,156
37,4153,35
30,985,88
28,168,347
46,1550,126
47,7708,157
35,-12,212
80,6483,123
30,60,306
55,3339,63
22,1161,119
33,599,29
53,28,117
49,1430,231
51,35,123
41,6000,265
34,0,144
36,340,559
35,0,74
29,3,183
40,445,631
32,874,1282
48,705,108
59,1033,1199
35,1354,736
33,123,264
55,8894,262
41,429,244
42,14752,107
46,67,9
35,39,149
28,102,321
25,1790,224
56,15311,157
30,-635,250
45,115,209
40,10786,111
40,498,55
39,1045,290
48,810,383
31,-162,380
32,55,124
34,586,224
26,455,240
31,1010,385
37,509,133
29,2929,91
57,3071,63
47,153,192
38,1146,91
48,1092,79
50,3463,96
33,1158,25
28,26,227
30,566,110
52,204,134
36,480,213
36,1855,75
46,1034,109
57,3250,162
28,1633,275
46,0,154
55,3334,632
33,4020,251
53,66,141
41,-41,154
60,322,63
35,2643,259
43,49,100
57,1,17
46,3098,192
31,352,97
53,65,41
35,1949,200
32,739,91
48,1167,264
50,231,397
40,1136,86
42,233,446
59,817,304
27,1128,88
32,1831,86
35,450,63
28,0,335
37,414,293
57,1052,227
42,1022,146
55,343,276
52,1944,238
26,-32,14
52,1781,144
26,350,367
33,2,132
24,111,42
37,168,227
28,3,40
30,102,614
33,0,270
55,159,15
33,1134,304
42,352,79
37,865,101
59,179,55
27,5,205
23,-230,259
51,0,60
50,3924,122
43,764,557
37,511,42
34,4348,373
41,3016,80
26,279,239
49,1405,29
29,908,1663
30,162,186
38,792,430
58,111,58
34,1281,279
53,1012,332
50,2881,510
30,445,218
40,643,74
57,254,676
40,-1212,1259
41,2125,285
53,629,298
48,-202,225
32,271,80
34,703,342
46,-216,404
45,88,332
51,16,158
31,466,164
47,-75,57
32,456,121
41,77,56
37,-244,178
27,1209,283
27,58,113
50,421,22
31,112,159
40,13669,138
43,1429,1015
39,794,182
31,1957,112
48,454,114
32,882,80
47,168,66
35,714,135
42,0,99
47,1996,761
59,163,464
38,3190,20
50,1772,206
27,-151,283
55,16,64
39,7066,667
31,454,73
37,4798,156
28,-298,559
42,439,143
40,1927,62
59,671,219
40,65,15
43,-932,567
38,4366,188
54,0,159
41,4900,121
55,976,345
33,148,717
46,5,71
36,-148,144
48,113,38
42,-105,60
46,624,336
49,-1680,92
36,-461,254
34,144,104
51,4,74
58,309,156
48,866,146
41,1020,882
49,489,84
43,8167,114
32,-255,957
54,3671,67
33,636,211
35,141,299
56,150,102
57,839,225
31,26965,654
33,716,234
29,2485,48
38,15030,167
37,11303,500
33,595,22
30,19358,258
31,203,177
28,183,62
26,255,457
31,102,460
50,94,184
45,58,119
48,606,77
41,0,107
60,65,1028
41,338,87
43,757,315
36,9269,107
40,1206,201
28,882,94
27,5291,192
49,61,185
37,0,77
31,1407,142
31,25,381
31,1354,222
35,793,106
51,10287,117
33,5235,67
30,3,45
58,409,643
34,35,76
45,-459,508
28,198,128
31,99,193
40,60,172
30,3485,142
34,-139,492
40,952,140
59,1427,140
43,1017,257
41,-29,41
33,9,91
33,4040,132
36,13,284
32,1259,184
25,18,225
25,-76,241
38,221,79
34,136,156
67,16353,223
32,-63,198
45,7353,536
33,511,304
38,3913,196
32,1097,298
54,6102,86
51,340,186
42,-119,167
41,2993,24
39,3575,74
38,361,601
39,1072,1168
46,2904,277
50,1790,748
33,86,364
37,1633,229
31,8312,43
34,172,177
34,0,262
36,222,317
40,109,402
40,1451,314
41,1066,109
52,3163,56
40,888,169
48,428,127
33,106,175
44,0,56
55,979,123
51,2662,148
34,84,231
58,5920,255
39,816,37
27,3276,106
55,2,95
35,-51,134
37,3315,820
52,196,116
41,552,463
52,2347,603
34,3723,47
53,255,126
33,3143,421
47,0,174
35,6411,144
33,1909,191
55,3873,222
58,1013,206
44,262,74
25,3217,24
37,5436,7
41,2067,493
34,215,350
36,1594,250
44,134,86
34,262,371
56,3021,419
43,388,2087
28,3412,22
54,1291,266
37,79,191
59,2013,222
58,543,264
56,1016,184
32,604,95
42,525,127
52,353,395
46,964,174
37,3913,124
39,879,102
31,314,279
59,0,76
38,1370,472
58,37,84
34,673,271
40,-342,754
20,291,172
34,209,375
31,438,130
39,1242,303
34,355,261
24,204,229
41,10758,288
40,5,219
45,410,891
36,605,204
53,4,19
23,8494,158
42,198,314
48,841,215
34,8,169
36,470,101
43,520,15
36,439,260
49,-454,558
55,466,287
53,665,371
42,994,149
45,5346,187
31,1243,32
32,0,138
36,2357,228
56,1044,353
46,1069,45
41,231,76
31,0,144
32,266,168
38,-70,140
49,25824,94
46,538,118
29,534,382
36,2323,111
38,1852,298
53,2647,121
43,2767,317
41,176,42
42,9720,81
55,1613,296
39,2903,259
30,81,121
41,780,432
44,178,126
58,299,120
35,285,136
27,872,1130
34,1337,330
25,72,305
36,0,332
38,-388,412
30,11,157
47,-535,71
41,787,297
36,3343,307
63,3904,250
23,736,119
32,1390,116
57,808,274
48,1147,389
49,1122,143
50,-568,860
33,1165,420
53,-905,213
30,0,756
38,740,259
44,8262,201
39,14,19
45,7108,53
36,1049,224
38,0,57
36,419,251
30,726,39
28,594,54
26,454,28
54,2206,104
38,1988,164
32,0,268
50,202,148
43,667,228
48,112,139
57,50,89
64,768,250
26,74,106
33,661,968
50,3025,168
47,751,408
39,416,56
52,14,55
31,-502,76
50,0,72
47,599,99
30,-218,13
32,1012,178
36,300,287
46,217,141
45,2096,127
37,0,69
58,5278,763
59,1831,122
28,1480,143
48,7289,316
55,1665,89
37,851,151
41,2885,40
35,137,5
34,1239,90
43,146,50
59,1,159
50,-10,369
37,480,344
35,2789,256
50,3897,298
36,487,268
41,5110,231
28,318,4
42,-411,78
60,4820,419
28,4937,421
48,725,105
51,5403,42
32,4089,114
35,188,286
37,189,238
38,2998,91
77,610,766
32,787,92
43,167,211
36,243,160
29,877,166
32,2817,195
41,4567,106
26,127,85
34,176,78
57,0,648
36,1482,177
42,3052,32
35,56,24
52,278,688
36,3875,21
46,-337,112
60,366,593
57,501,59
48,998,121
59,0,97
39,246,86
44,-182,10
27,446,205
59,1173,77
36,5957,138
44,205,289
50,0,86
41,369,9
47,1934,225
32,259,407
38,284,1030
55,23,123
38,1373,119
31,62,175
38,157,299
29,991,563
55,186,241
35,977,52
40,2893,76
34,1897,441
32,5514,319
33,889,13
33,273,803
37,1193,396
58,2729,188
36,0,637
42,230,175
34,2729,945
35,317,162
60,517,1178
50,-470,506
28,4579,409
27,1,116
37,5106,244
31,636,352
34,1076,152
38,126,164
32,-33,234
37,430,154
33,-6,566
71,383,327
27,130,265
38,2569,172
34,201,257
54,0,618
30,6,241
35,475,936
33,706,329
36,1825,24
59,185,177
72,4415,120
64,679,135
53,320,175
35,2988,179
58,1407,58
40,1270,342
41,654,139
48,5173,88
44,3463,210
39,0,731
61,6016,670
36,177,63
28,3694,70
58,1640,72
60,174,241
66,10177,272
36,490,207
49,2576,64
40,0,543
23,598,166
29,15459,245
44,271,94
54,2508,34
47,320,203
33,640,318
30,1772,158
27,15,177
49,2370,56
27,201,172
51,160,136
32,5,82
30,75,123
33,4902,110
27,-79,385
75,1341,415
37,490,73
36,1521,243
37,131,137
35,8,55
32,-632,18
32,116,255
35,189,95
31,2,112
28,4229,205
27,54,97
22,549,154
35,298,135
69,579,230
37,1467,349
45,0,38
47,109,268
52,-11,94
33,90,263
60,493,671
33,1897,197
44,2403,180
38,868,452
54,653,352
32,0,175
33,0,163
55,218,200
51,5050,75
48,741,227
37,1050,586
33,-56,119
30,1,80
43,-98,112
49,4667,130
54,541,237
31,7744,377
54,895,335
36,-129,121
30,0,127
27,158,650
30,122,107
30,673,610
35,0,124
33,411,216
43,-97,747
41,-217,313
41,5037,252
46,2232,121
54,-932,799
32,913,883
30,236,197
40,0,271
30,2581,221
27,639,243
41,849,72
54,386,155
32,1218,70
31,2603,280
42,-921,115
48,607,29
34,79,406
55,61,113
49,1091,47
46,743,36
47,209,135
24,172,67
58,2,684
32,41,686
25,1116,170
49,-55,150
59,5845,1060
30,329,122
46,494,724
42,1519,230
37,2685,187
44,-14,179
49,5673,357
41,1459,82
48,0,176
31,625,424
37,0,115
51,867,177
80,8304,712
32,151,118
48,-583,25
49,1784,753
30,3134,124
27,49,208
34,-346,136
49,1623,1081
48,60,376
40,17,78
38,2008,354
46,91,29
41,171,209
28,1027,433
51,5801,147
33,142,41
26,205,111
34,852,108
27,-584,411
42,97,108
45,204,224
31,628,1083
32,311,757
39,1564,57
26,856,95
40,1509,144
52,-888,135
40,226,176
48,127,524
31,413,65
27,710,653
47,1233,91
28,171,93
40,69,503
34,1499,186
29,751,121
36,61,452
83,425,883
55,2923,104
43,99,24
23,1021,79
44,1146,178
58,781,74
29,1448,217
30,604,475
29,-194,127
41,0,101
35,0,340
31,1014,158
27,73,242
47,2597,323
53,2627,18
34,1906,68
34,-319,134
36,-296,113
40,169,43
37,556,200
65,300,245
53,751,343
28,126,229
33,-386,530
56,379,58
45,706,78
39,9121,147
28,1466,40
36,0,618
41,951,23
46,368,293
41,121,16
59,204,286
24,299,209
34,4170,935
40,-335,260
42,3165,298
50,254,397
25,553,113
51,518,76
50,85,141
37,603,773
21,361,329
52,-98,423
55,4424,67
26,2610,626
38,3234,578
32,687,61
31,631,248
34,341,136
33,316,126
35,2,653
44,415,7
48,507,528
29,912,785
50,0,243
37,37,24
44,2524,82
36,9019,952
49,39,27
31,0,143
49,265,274
35,0,1174
57,4012,915
42,1520,115
36,-140,222
75,852,341
38,578,112
40,0,64
38,2253,937
34,1171,129
29,452,59
28,-97,79
79,4738,151
51,467,83
32,0,101
36,495,157
38,157,57
49,358,176
42,292,222
43,7343,217
34,-563,252
59,351,1063
35,365,41
33,13494,27
34,846,758
64,1574,301
34,-28,574
77,0,847
57,2927,78
30,501,514
56,1238,1558
49,301,789
73,1388,146
39,102,272
57,13,323
32,413,712
32,4665,860
45,638,75
32,101,191
31,1224,1441
49,1103,428
29,3748,322
55,955,104
30,518,127
45,1893,1259
39,14,114
36,-423,106
33,3696,305
36,2987,307
31,433,1504
36,756,396
38,0,71
33,2727,205
40,93,134
31,1766,166
39,124,81
33,69,77
53,0,80
38,0,537
59,259,415
55,4103,291
38,744,283
48,116,70
53,70,611
44,432,132
57,1172,26
29,9,262
31,428,272
35,7546,137
31,620,95
35,8647,140
40,192,71
39,0,502
43,27733,164
44,276,219
29,113,328
40,782,224
33,82,63
46,1008,24
27,6421,147
26,443,84
41,351,175
34,5060,12
39,-41,40
27,-124,217
31,79,235
44,3945,255
55,197,256
51,837,41
50,-94,75
30,1743,192
46,57,796
49,635,220
56,-113,614
47,225,1126
30,124,161
36,475,141
40,-7,697
37,375,223
42,936,931
45,1415,483
34,0,63
27,3638,271
30,-99,144
32,167,79
46,19,171
29,242,73
53,13,69
32,286,60
49,769,257
35,93,198
38,1663,217
39,238,134
34,2178,41
42,792,611
35,871,216
60,1025,388
57,63,242
31,16,387
29,417,90
41,3992,281
46,2749,332
33,133,218
32,1721,650
54,2171,1034
37,4760,182
32,2979,156
43,690,171
50,203,265
34,322,10
31,1210,350
43,634,65
49,273,58
22,47,69
35,1100,127
56,0,154
53,0,36
54,1544,85
32,6145,362
41,28,49
40,1012,410
33,245,253
33,1998,570
34,3990,633
36,1328,82
34,412,164
55,229,175
28,1562,659
29,3432,139
31,144,43
52,1339,343
54,386,74
43,7727,302
55,204,455
28,101,126
45,728,107
45,2418,120
51,2934,727
42,0,275
43,181,41
34,176,61
36,49,232
37,2023,214
50,372,21
42,7702,138
34,464,173
48,117,635
47,104,77
40,1041,73
37,539,540
38,0,179
29,406,119
46,2558,107
26,484,48
30,3516,447
42,5639,430
42,100,64
31,1306,217
37,815,77
26,245,16
54,191,753
70,2815,125
29,3672,1210
50,1572,185
60,385,80
32,29,156
32,84,403
34,876,145
48,1499,17
25,0,160
32,6217,486
32,329,321
47,162,203
32,14533,646
49,151,97
53,-2,144
41,4684,30
47,1149,82
35,11,326
33,8004,414
49,1019,285
46,1297,716
29,415,449
58,671,16
40,2378,65
34,417,138
60,71,121
43,1188,140
50,8139,256
33,249,61
37,689,367
55,203,9
45,-183,395
47,3451,125
58,116,580
36,1746,15
55,0,119
31,897,26
38,821,224
42,130,285
32,1,399
39,8,88
41,55,185
59,699,98
42,759,97
33,687,72
53,4968,109
43,1211,208
39,426,1029
27,376,273
39,12,130
27,23,590
33,353,107
29,330,88
33,0,305
41,353,90
38,2273,222
30,0,127
58,744,38
37,608,380
36,356,244
45,1291,189
23,-306,217
53,306,388
44,-312,22
32,493,289
32,71,221
38,669,129
47,556,147
34,84,299
52,108,543
45,-11,247
50,1164,166
52,-191,755
37,132,336
51,2237,619
32,4761,159
33,-346,29
28,655,606
66,1048,971
31,0,231
35,624,163
47,1784,385
36,1281,119
32,569,348
34,1666,30
40,168,249
33,263,119
39,-405,177
38,279,110
32,0,594
65,300,105
34,415,123
34,0,172
42,1322,178
31,1062,230
47,302,89
44,809,118
38,-278,143
28,3238,7
46,751,104
51,-28,220
42,0,85
37,2442,91
58,1798,19
43,132,574
36,260,49
34,7,171
31,3283,258
49,323,41
54,2960,83
29,486,95
51,343,78
40,507,134
35,5958,215
25,304,226
32,118,1275
30,123,66
38,76,196
46,70,229
43,960,241
32,2185,354
29,309,471
56,2190,90
57,0,58
38,3732,379
51,1550,12
35,62,67
37,704,165
48,4415,1032
30,4,84
60,262,393
56,238,808
45,97,923
38,410,63
20,1191,274
59,-47,84
34,197,78
36,6,41
53,2398,317
51,630,138
58,235,88
48,1910,413
56,3172,139
51,872,82
35,407,12
40,100,221
59,345,38
44,2058,661
49,889,388
35,0,151
41,51,140
55,150,124
51,34,200
27,795,101
57,282,261
51,2139,176
38,-469,209
49,197,223
40,825,38
47,3232,541
48,1598,84
47,871,602
56,83,26
29,1445,328
38,226,762
32,-55,107
42,243,46
30,-336,128
26,3672,360
35,0,524
35,251,128
35,44,310
57,2887,819
29,1992,202
32,2,144
45,1415,311
51,297,415
31,1094,93
50,-84,101
38,-1,72
37,347,282
35,1253,210
37,4565,369
28,781,125
38,7124,301
43,17555,14
43,5172,57
56,15520,420
32,13711,638
58,1533,137
47,286,557
31,-219,66
38,0,206
50,810,19
32,300,166
37,1175,102
39,0,46
40,113,126
41,641,161
45,1477,355
31,0,40
54,8,143
39,399,133
56,-435,185
35,2830,22
34,15,184
31,125,78
38,45,125
41,13,189
44,0,300
49,579,396
30,432,340
31,1987,55
34,857,238
70,15834,172
45,3370,36
31,6290,303
57,808,417
40,4075,162
28,373,10
44,-101,99
49,3250,32
46,1375,308
34,180,298
58,175,92
52,381,288
27,2171,130
48,340,255
33,10,167
46,4958,64
51,21244,166
31,156,657
35,473,434
37,781,75
60,0,40
40,1819,398
50,4374,163
34,456,137
32,253,257
36,774,231
32,-59,192
40,-81,186
37,0,226
57,0,67
46,-3,205
31,2488,14
39,3,488
35,839,50
32,103,312
44,316,163
41,1680,76
59,7179,150
39,247,244
54,8295,207
27,261,113
51,95,1309
33,291,72
38,2240,551
52,0,163
54,1295,179
33,324,217
50,669,88
39,4143,21
34,2646,142
41,618,1056
48,541,72
38,434,411
34,622,145
32,0,80
48,99,344
28,290,128
47,1230,412
32,45,908
32,923,819
38,950,210
86,1503,165
47,65,118
42,-679,159
44,773,618
25,10788,102
34,991,89
34,247,401
53,4143,200
42,-406,152
30,180,203
26,-887,827
40,4157,735
34,1386,185
34,2211,149
40,-495,303
36,27359,71
34,440,445
32,135,232
39,-735,144
36,60,209
39,902,691
33,18347,415
34,-72,273
42,1205,376
46,499,37
32,656,148
27,100,57
35,69,461
53,619,198
29,192,327
35,0,669
49,87,165
58,3228,58
40,1361,1473
19,0,123
30,34,289
34,318,239
60,197,1386
28,0,294
46,273,910
49,15,550
59,7813,75
44,-27,100
33,75,204
54,1139,155
26,115,46
54,0,1366
48,7195,609
30,-477,1532
29,1026,226
51,3921,168
53,980,352
43,-179,335
34,2552,74
40,1729,85
43,434,117
33,-300,184
66,4785,72
44,-329,171
33,0,44
31,391,336
71,4657,93
22,3472,332
46,705,398
32,255,86
45,4365,45
32,350,110
49,474,152
27,489,356
46,757,382
37,695,233
30,-770,87
44,80,387
45,315,103
27,213,378
57,0,257
66,2169,282
40,212,176
48,333,24
33,4404,766
42,257,955
47,3188,426
27,3083,244
78,226,136
50,1260,172
46,1410,93
41,6046,300
36,980,118
49,-37,191
46,-154,107
77,680,513
30,799,91
43,-1164,76
44,2523,1236
40,98,193
38,3419,324
25,343,377
49,852,408
33,50,246
40,0,58
44,10,196
32,950,219
52,0,197
35,175,257
35,-259,381
32,6217,486
42,-1310,162
59,139,153
44,7138,809
50,1111,50
27,113,39
55,-612,131
54,310,526
31,-186,172
56,2038,405
51,833,77
61,625,158
34,105,146
56,551,27
29,145,105
34,618,119
35,1063,327
56,985,150
45,2926,482
31,-449,81
37,66,1164
43,0,674
40,419,347
44,4758,712
38,-23,48
58,1573,279
24,77,236
53,1378,91
36,-73,15
28,60,161
45,137,187
32,1583,100
46,-121,214
28,1065,406
51,-13,361
51,1869,30
30,4787,99
39,-183,202
28,702,318
31,1494,275
31,0,59
38,46,70
31,609,1126
74,4079,343
40,0,228
43,7876,209
34,925,709
54,7010,275
51,42,51
33,285,267
41,0,95
33,3170,246
48,8,46
42,216,144
35,2975,249
25,894,328
38,490,17
45,245,126
59,0,52
47,150,52
33,4,285
59,1727,500
41,664,955
42,473,216
51,0,84
45,-192,138
30,1942,436
33,5137,123
43,13044,36
37,1053,405
73,154,103
43,625,175
52,255,374
44,529,129
56,318,246
21,1903,107
43,1937,385
54,3859,104
59,4198,309
52,230,198
31,747,543
53,263,143
24,-46,23
57,0,104
48,568,378
57,1469,364
51,18,363
50,201,248
34,1412,157
43,-93,402
31,-331,203
29,486,422
39,694,44
36,2806,358
38,0,39
56,2959,325
41,22,238
47,1167,968
38,35,156
80,8304,681
37,4760,187
44,-1313,104
33,697,860
53,230,112
69,473,112
46,1427,32
30,201,325
31,1086,410
38,4335,640
34,44,118
48,286,166
46,216,173
42,214,21
41,343,89
33,-77,151
39,1046,112
27,1566,164
26,592,145
38,104,606
48,0,105
54,-22,85
51,0,439
47,72,278
53,100,205
35,319,221
58,9339,52
52,50,84
57,32,476
52,6922,371
35,633,128
48,4265,220
46,2262,44
39,1970,30
38,1513,330
34,4659,28
47,668,908
35,649,177
46,452,113
27,-145,289
31,-498,357
31,0,38
46,22,414
31,2304,257
33,1412,480
42,145,252
33,4897,151
40,1832,213
51,3726,119
31,591,161
62,0,227
24,508,12
48,817,517
41,348,225
43,291,150
52,3554,89
54,781,103
32,267,128
38,1327,277
41,-306,500
31,864,113
35,1265,326
26,0,755
52,214,161
58,425,100
57,3,142
34,0,214
59,0,167
27,282,676
42,0,236
47,3727,993
33,0,83
31,864,100
37,4089,289
29,-478,528
38,-363,340
35,8883,33
31,1970,284
62,1859,245
32,1059,115
31,388,730
51,602,347
29,0,58
43,255,180
36,63,56
34,712,326
29,57,342
57,523,49
43,422,110
33,386,253
60,3387,636
51,260,137
40,-1,173
51,1490,227
38,497,88
35,1707,426
47,826,195
45,907,230
40,1836,750
29,404,413
52,907,104
26,18,138
31,-495,334
55,1210,868
35,819,102
56,442,77
28,-46,199
27,671,332
30,371,124
51,-3,91
33,11,104
32,33,125
43,104,635
46,174,90
32,3107,310
40,1438,207
39,1367,43
51,-11,126
46,1693,137
43,778,284
36,837,68
48,363,67
26,236,8
39,0,62
47,-50,175
23,4,395
54,26306,27
38,46,195
33,575,254
35,148,199
52,431,73
25,777,351
29,199,1689
35,3552,267
49,47,234
41,3823,234
32,138,94
29,1117,77
28,1325,242
59,0,247
34,4343,85
55,1598,607
34,3301,485
24,822,184
42,-280,258
34,1534,156
34,1671,160
51,2007,1021
58,0,5
44,2776,701
33,139,732
34,573,122
34,475,559
42,47,141
46,2154,87
31,96,577
39,83,193
34,6766,210
47,3973,732
42,372,121
48,-552,150
30,48,140
38,7696,386
24,4500,733
34,1,108
46,46,80
32,-18,155
46,451,389
26,479,133
42,0,328
50,1130,119
41,389,87
34,10,162
32,401,294
58,145,128
45,115,108
28,89,172
35,94,208
39,1438,212
49,780,148
50,207,99
37,238,185
45,2433,133
30,1924,170
48,-471,668
36,1531,81
41,764,230
55,383,287
70,3782,618
41,326,788
47,691,285
34,0,163
33,99,159
58,502,197
51,-15,212
45,1929,44
55,0,180
30,185,11
33,-424,863
27,0,388
59,319,143
34,171,191
47,-1148,62
44,-11,13
35,0,1073
45,-206,337
42,704,88
38,1931,167
34,943,96
35,327,537
29,-105,5
58,983,139
44,787,570
45,0,100
43,3060,253
44,5780,525
30,790,696
38,1449,535
50,1412,131
21,681,6
38,228,105
42,0,370
45,2087,29
34,2,184
48,197,47
34,0,193
32,1905,709
35,118,358
39,2644,253
36,16430,197
35,13,94
57,14,445
28,769,153
43,3485,113
57,139,80
34,202,318
36,6,100
47,2515,40
36,5195,55
33,2098,67
57,320,76
57,3431,73
34,50,89
51,370,109
54,-182,98
52,1623,21
43,13342,465
58,6570,106
53,225,304
44,-665,342
29,0,16
27,54,543
35,46,338
40,2,197
34,103,956
38,883,95
32,55,546
41,8238,124
25,913,113
38,595,245
26,7,188
37,1661,199
30,102,470
36,338,90
33,3132,350
33,490,31
35,2682,156
24,0,299
29,596,510
54,2059,177
27,132,123
34,0,270
39,385,225
38,223,63
37,0,247
26,512,206
36,1169,168
35,71,836
30,940,131
25,-80,89
34,0,116
52,1317,58
39,179,36
34,1007,240
34,0,132
30,1286,544
33,804,266
30,4,443
51,0,324
36,417,15
48,1678,263
37,532,199
58,407,145
56,659,56
34,393,11
33,661,411
26,0,165
40,838,619
35,195,203
45,68,254
37,-242,1149
35,321,189
43,3403,707
28,8,196
32,739,171
26,622,1451
35,152,563
35,2,239
39,1439,73
42,1491,203
32,6402,158
30,1210,100
26,122,160
30,0,661
32,62,166
47,3333,114
33,16992,58
57,23,25
35,0,121
53,6072,226
24,366,234
54,0,88
31,1343,85
41,2105,134
44,2319,251
35,35,152
30,877,202
43,30,379
51,-2082,123
60,89,156
43,104,332
31,1750,90
56,772,291
42,1048,23
52,592,122
40,0,105
36,3064,1143
40,33,70
46,0,264
32,1649,204
31,287,182
41,0,386
58,419,295
36,257,86
52,118,16
42,251,413
32,1731,323
62,0,78
31,23,121
41,-386,477
34,5498,265
44,5063,418
42,7041,386
37,654,594
47,1890,161
32,2400,450
46,519,217
39,1190,136
28,229,322
26,203,104
52,1818,189
42,1289,250
33,39,123
73,796,427
35,57,632
40,1548,101
51,117,467
37,0,640
39,691,517
28,64,160
49,0,177
36,957,206
45,118,208
29,218,169
35,724,287
35,20,505
30,-28,284
46,665,89
25,5,138
36,925,321
42,2519,262
57,3927,61
42,401,217
29,581,192
36,1327,174
31,3242,292
59,3163,240
50,32,282
47,310,128
46,0,161
26,155,291
31,11386,356
30,1380,294
47,2443,422
23,1129,806
44,4232,227
42,5564,560
32,-402,135
28,1323,361
57,1623,246
38,1042,419
22,2488,449
54,865,71
32,-1053,357
32,1667,164
59,975,263
45,2571,146
53,732,759
50,769,72
34,-136,131
35,3636,808
30,931,1183
62,565,123
40,271,483
26,1153,238
34,-73,90
50,558,464
31,137,385
35,700,240
55,-966,104
34,96,109
58,4007,598
50,567,274
31,40,123
47,136,70
38,917,260
46,593,190
42,505,521
34,2542,228
37,5355,466
38,807,74
59,9976,57
32,0,119
55,540,124
35,280,65
56,-59,127
27,-517,172
42,2613,174
42,-7,41
41,0,232
53,-200,161
67,2301,124
53,104,701
33,191,162
31,694,431
31,212,191
30,1882,249
48,131,189
30,175,167
43,0,73
38,4425,162
46,3533,235
59,3573,44
44,476,127
35,1257,93
55,23,143
39,0,81
36,398,77
33,745,115
48,8106,125
33,0,53
67,696,77
48,1266,45
57,2416,74
31,25,169
30,7513,269
56,29,52
26,5116,246
44,-1746,218
44,14,167
31,4148,316
47,14,142
30,105,75
37,767,204
56,0,542
43,-228,122
42,508,70
60,725,266
34,41,34
34,184,203
41,251,85
38,-17,11
23,-19,13
33,1064,562
36,777,185
49,377,158
34,479,515
40,-375,60
72,796,173
43,17,353
44,1071,143
35,0,18
46,7378,466
55,865,85
50,-701,148
23,817,123
34,1387,121
40,0,245
61,2917,215
53,4541,190
57,0,44
28,4287,171
25,242,62
38,171,172
27,259,78
45,827,319
31,469,111
39,2226,158
42,0,82
46,477,128
36,42,102
30,775,124
32,9,334
52,2557,134
31,2395,218
60,4895,313
35,376,207
38,389,262
46,134,134
45,1273,197
59,0,214
34,2892,1165
33,0,177
46,295,141
48,292,164
31,85,151
32,4,145
35,-587,111
36,367,217
52,-1224,253
45,959,74
34,0,263
25,-589,233
26,-8,402
57,0,585
48,247,145
48,5543,143
32,642,524
58,11,270
57,-226,272
31,5191,187
33,-320,268
53,2289,183
36,725,123
32,705,20
45,776,232
35,816,547
41,171,71
54,812,113
49,823,780
28,1453,246
24,431,108
30,1009,253
32,286,175
53,22370,106
42,2111,86
48,5366,248
33,181,265
31,-452,182
56,1770,916
58,0,506
37,-296,81
59,2358,30
50,1200,904
39,109,699
30,616,19
47,4906,389
44,313,211
38,290,283
50,1240,474
27,3672,157
73,19,509
46,143,279
56,212,27
36,9,386
33,3074,679
40,1734,169
52,575,315
51,397,293
33,640,439
54,158,198
44,2984,770
50,1011,340
45,0,1472
36,1133,293
42,4945,311
37,712,291
28,-427,965
56,2146,594
59,92,139
32,10,501
57,1238,274
49,981,10
56,575,18
48,-70,243
27,3733,198
31,574,410
28,43,190
36,428,121
58,0,148
46,0,239
32,474,90
39,-540,29
35,560,58
31,325,1139
29,437,504
48,574,348
60,0,130
74,935,100
30,699,544
52,0,182
24,-220,90
29,11417,272
33,212,260
34,67,672
45,0,264
31,0,275
45,1673,76
27,-1202,749
30,4213,142
45,0,454
57,1521,102
34,1310,521
40,0,57
39,399,504
46,405,138
55,9756,103
25,2506,485
34,697,166
37,403,318
64,890,531
45,809,155
57,158,73
21,137,198
58,2705,137
41,75,479
41,2457,285
58,541,98
33,287,199
32,273,97
44,0,389
47,677,384
41,340,37
54,98,420
47,477,973
32,2629,77
59,0,376
29,2325,125
48,-20,142
32,230,442
46,-852,728
31,-280,281
53,25,528
34,9851,128
48,5095,71
32,687,161
31,1368,129
27,-179,54
60,-396,443
34,1011,136
52,9,44
48,1159,1181
45,-322,225
54,1114,81
52,2072,224
47,459,189
54,1157,98
34,8309,50
39,1043,195
46,2098,110
26,461,214
37,61,182
47,1203,239
35,1067,179
57,0,540
34,1657,566
47,1219,697
27,7,98
40,-839,1018
39,994,221
36,6,246
42,0,656
23,8627,281
34,133,65
34,247,193
49,1114,283
57,1592,78
59,0,425
57,46,238
34,1221,182
61,985,998
35,0,477
42,520,158
57,10,320
42,2157,149
53,6095,410
63,133,104
47,1121,454
54,88,190
45,0,145
28,-328,318
58,610,246
48,414,761
35,0,171
37,0,143
37,685,968
37,22856,154
25,-352,246
58,602,201
52,-588,81
19,302,205
59,5314,200
41,64,210
34,632,215
35,5731,164
41,902,35
28,6307,615
53,112,246
35,0,42
33,621,217
37,435,210
32,782,116
32,478,200
54,7864,145
44,1910,41
36,1174,192
56,1270,80
30,18,121
36,141,106
43,2886,230
40,2715,125
32,1100,67
34,516,26
37,1,395
28,775,603
35,634,185
53,5715,287
60,1088,149
40,1532,173
57,75,118
29,103,314
44,134,378
41,748,94
47,1990,108
43,192,203
37,267,121
34,586,489
30,648,287
57,25,652
26,96,612
34,1116,53
46,-90,270
38,170,442
37,3665,664
28,2380,394
57,179,230
39,763,877
49,320,1971
38,1960,161
27,818,188
30,2678,23
38,1980,176
36,1582,26
38,62,212
59,235,119
37,489,205
29,3931,73
43,699,1258
33,58,57
54,1327,115
55,557,58
32,741,238
48,3230,207
33,1439,178
46,120,20
44,1058,188
47,881,143
38,6728,232
80,462,127
40,167,380
43,1574,167
32,1625,796
39,562,303
33,9305,407
31,35,229
36,0,108
35,2486,265
25,368,168
33,1558,97
23,8627,169
31,2590,103
36,0,599
44,900,322
31,385,304
55,1649,52
51,9228,655
36,0,101
27,1,65
40,771,173
49,280,162
59,46,78
32,2431,646
42,308,114
35,160,141
29,555,133
29,778,1994
37,48,140
49,169,82
51,12,150
61,848,605
43,481,164
42,12223,36
24,-254,290
46,1148,104
23,5,413
26,50,153
43,92,237
35,470,743
38,0,82
56,109,924
31,440,117
32,0,550
28,2685,5
26,-3,181
49,7007,325
33,220,345
80,1548,331
40,326,112
42,0,115
46,123,381
32,697,119
37,223,25
32,1694,929
53,4446,429
39,894,491
31,202,146
34,0,191
44,1707,406
35,13658,220
39,406,253
55,96,340
34,0,154
39,-276,121
58,413,104
37,655,127
56,694,144
32,10218,149
41,1646,261
29,14,87
44,7635,719
24,9,292
43,1029,145
26,2855,52
39,260,146
49,2039,451
52,-97,167
33,1465,98
30,125,238
32,930,85
27,0,323
58,73,116
46,-35,304
28,1351,267
39,1601,201
41,88,105
38,435,193
50,717,113
56,705,151
34,1553,200
33,-131,145
61,1191,214
36,47,36
34,544,58
36,688,174
45,242,587
27,118,112
45,-388,175
40,1603,279
36,1511,270
46,147,116
37,836,129
36,55,38
37,1123,138
22,691,338
51,0,565
49,12531,77
35,552,314
50,0,179
31,309,294
47,33,298
59,681,427
32,1787,87
71,14220,397
31,12569,344
41,4,74
35,3587,148
36,254,161
46,1712,110
46,4855,1529
47,2408,236
35,252,89
37,346,390
56,45,1467
46,556,646
44,-710,183
48,-551,168
28,56,66
38,1514,160
34,178,14
56,359,220
55,1580,1007
44,221,149
38,1161,665
53,1278,174
41,982,105
34,16,990
34,1,582
35,128,136
38,2543,223
42,42045,205
56,828,214
37,0,217
47,3940,171
29,125,50
41,140,65
43,593,55
38,746,256
31,589,151
32,2343,226
40,294,97
45,644,92
43,-26,343
27,3354,493
33,23,216
37,7,224
60,3735,190
51,2094,458
44,508,222
48,0,612
57,93,137
29,0,104
50,26394,206
36,-11,172
49,523,152
49,-74,114
35,0,89
39,122,158
34,351,326
57,35,215
37,2610,53
25,64,71
43,60,487
37,342,340
36,1830,183
49,1904,131
38,16957,208
39,26,311
40,0,147
34,79,83
39,2303,775
53,65,25
44,332,497
32,-399,180
50,-54,698
29,-102,134
55,4809,223
73,279,399
52,11,420
49,2201,233
63,8044,702
34,2374,161
32,92,110
49,443,27
40,1397,58
53,7,68
53,3177,92
43,232,45
35,81,79
35,414,11
25,1433,520
31,187,86
48,0,16
40,4610,154
46,1429,91
30,334,389
47,2,71
23,500,111
29,43,68
38,4030,75
56,306,212
52,0,91
55,168,79
43,210,646
34,518,206
43,1696,257
55,-31,81
34,856,470
34,318,133
43,64,230
39,800,76
39,75,26
34,347,154
55,2366,94
67,701,254
34,475,1156
47,3285,248
33,925,884
45,128,275
36,1587,200
59,879,228
33,478,475
52,280,393
53,1868,156
41,819,244
45,4646,118
60,27,40
32,736,700
28,224,97
31,2544,252
53,427,360
58,2764,235
38,376,1521
46,523,105
53,71,86
56,3948,484
52,1810,117
38,994,119
37,52,359
37,11,109
37,0,236
66,747,203
44,2657,202
61,313,42
34,61,21
33,2557,186
30,0,172
27,10,527
37,658,175
38,1679,21
35,0,370
50,841,54
39,0,63
35,1160,116
36,-37,151
28,94,300
39,585,48
39,235,217
30,2145,727
32,1464,193
28,232,72
47,187,165
53,12,345
57,318,206
47,405,994
56,334,127
38,0,29
52,2,70
46,966,40
57,195,185
42,0,64
57,0,97
51,260,316
53,451,125
37,3242,233
47,8515,14
48,1808,245
39,20,109
42,3068,429
36,23,133
34,1076,70
61,1060,118
32,678,1579
35,1147,29
54,-630,173
31,459,13
45,976,183
32,357,175
52,-9,123
36,1927,288
31,500,19
53,9146,136
43,59,437
47,0,1225
46,328,526
34,291,91
55,-703,123
23,589,62
75,6053,865
58,1142,82
35,725,219
27,802,569
24,556,460
48,191,238
31,373,346
57,6164,161
53,37,51
42,1156,37
50,806,141
59,2381,173
38,-314,66
39,285,209
28,1199,1011
55,481,147
33,137,88
36,168,52
38,156,544
28,4745,360
32,11797,95
35,786,322
58,4015,106
30,0,20
33,331,178
36,1554,325
32,132,343
34,5086,213
42,529,193
41,4824,168
63,474,423
38,86,218
54,2281,158
39,186,433
46,137,252
37,6968,175
76,86,192
28,81,158
33,6904,114
46,137,246
30,25,44
60,759,136
56,1922,247
24,3298,227
58,764,219
79,8556,326
32,3514,226
33,0,351
77,680,341
60,0,124
54,2819,123
30,-518,244
50,60,151
50,732,736
37,2707,109
41,177,117
49,13229,77
41,-204,42
40,990,252
38,648,179
34,50,106
49,1916,281
72,763,384
34,470,217
31,0,144
33,5739,374
31,0,298
55,-375,814
25,157,33
34,1518,128
53,1343,129
39,-401,274
41,5310,984
32,2285,413
29,22171,44
56,856,70
19,1169,463
39,3797,96
32,53,276
43,2519,257
32,795,131
53,0,586
52,2087,267
43,34,29
48,5,65
27,15,67
27,390,190
51,712,287
39,2600,77
33,-241,169
50,1545,25
59,1026,669
58,435,122
54,876,269
60,1801,167
38,2278,244
39,157,99
40,1327,76
55,284,252
36,495,213
31,1588,14
38,0,121
52,428,153
45,542,8
32,66,244
58,314,67
35,24,169
36,613,86
55,1467,277
45,192,154
49,321,135
44,788,392
37,48,133
35,262,96
36,4438,446
44,5045,20
32,3014,291
56,21664,214
32,5878,159
35,2723,275
44,576,128
59,0,207
31,2197,146
60,104,22
33,1279,239
45,295,92
45,2128,149
57,367,107
36,1477,71
30,71,122
30,127,16
59,2921,251
58,16264,215
49,1672,128
48,9207,445
28,356,76
59,133,206
40,1217,155
32,202,429
58,590,133
28,442,474
27,808,578
38,427,17
53,431,74
60,4256,239
33,0,275
52,238,101
64,846,671
40,3,998
52,693,271
28,0,133
49,362,84
28,618,281
29,2893,250
87,230,144
37,1287,432
36,179,411
35,980,428
33,79,249
60,3043,235
25,808,267
69,745,595
41,1309,28
48,290,257
35,1792,630
30,178,747
59,0,87
32,537,187
28,416,452
60,1472,36
36,3953,277
32,112,118
34,13204,197
58,0,101
53,2240,282
31,22546,8
33,0,1448
46,23,344
29,228,12
37,215,61
58,23,91
34,293,162
34,0,339
49,199,113
53,459,558
42,8131,69
40,-378,541
30,395,429
31,10787,135
55,865,96
36,340,68
31,1882,529
26,265,650
31,389,69
49,0,71
54,384,30
47,94,9
61,1471,331
49,937,66
51,500,26
53,25,266
35,365,168
25,34,316
79,429,1006
53,6839,77
21,6,622
33,467,494
40,1876,269
34,1847,543
52,247,268
27,897,397
57,4664,22
51,1291,51
31,64,208
49,-471,77
32,1160,450
28,14,201
33,26,342
50,452,181
42,382,294
45,2033,123
34,0,172
56,789,1022
33,142,123
34,645,420
37,897,119
37,103,153
35,847,85
38,0,260
32,517,528
52,1308,361
49,66,59
46,361,86
42,66,139
36,70,219
32,180,45
49,279,168
46,4,268
40,1416,210
36,465,160
36,998,1044
34,550,601
46,1285,89
32,4908,491
32,336,139
32,131,267
43,348,88
25,453,134
55,1102,126
24,926,191
40,502,267
38,8669,5
48,316,560
36,9324,138
57,0,188
45,72,262
33,61,836
38,173,150
26,-162,44
30,47,11
55,1983,123
34,326,150
60,2552,255
36,1283,92
65,2179,112
39,1047,554
52,36,109
55,-308,781
26,1177,116
40,2077,363
52,0,82
29,1,167
41,7735,220
30,1922,546
28,153,1124
26,2770,141
58,139,188
29,21,107
48,178,320
35,444,244
26,209,319
49,3096,147
34,5320,114
32,4885,400
31,0,79
48,5462,29
40,6767,97
42,2974,187
48,427,201
38,8876,280
53,146,150
59,319,129
28,304,516
41,389,127
50,766,174
31,0,82
30,3107,1516
59,174,204
33,-305,109
35,670,378
30,6164,152
71,2850,185
30,79,317
24,110,27
34,5039,205
34,360,46
52,199,978
33,238,45
38,5092,145
41,1088,138
42,221,720
38,889,362
48,750,90
34,0,214
46,1291,142
33,1844,241
40,89,148
36,4280,227
32,0,126
33,625,410
55,574,243
58,320,171
25,468,147
47,440,91
40,0,332
59,5706,471
40,7780,364
30,-559,98
25,16874,117
58,1987,185
39,98,59
40,642,147
38,526,553
66,6483,275
47,2306,239
37,954,402
36,-679,172
50,-1,195
76,2590,68
58,331,82
42,4209,57
58,462,495
28,0,479
41,0,141
30,151,82
32,883,798
27,266,232
48,0,60
36,491,103
54,3,443
36,198,400
52,14363,132
34,0,374
43,136,363
32,28,111
33,335,130
51,174,308
39,270,116
44,1206,160
49,198,205
25,914,185
39,31,61
54,0,159
32,347,213
36,860,294
54,89,140
31,0,71
45,0,47
31,68,570
45,-149,287
33,2411,130
46,225,201
43,2731,11
50,112,70
44,0,54
42,3620,22
26,179,103
47,1544,104
48,199,29
60,231,57
27,76,236
30,302,528
28,189,68
58,565,876
37,310,76
36,1746,99
39,6,122
52,-110,141
55,2749,58
30,6495,78
36,35,435
39,-650,123
47,292,210
42,5774,54
42,2416,138
58,35,336
68,19317,249
43,50,63
44,-674,257
49,3726,875
57,1180,191
61,6610,481
36,319,120
31,1545,207
51,1315,303
31,424,93
56,151,128
30,-970,194
38,-762,408
35,181,5
31,-120,231
39,1022,20
50,78,218
39,209,36
26,2469,136
55,0,336
43,328,192
34,0,141
51,307,65
31,1384,203
32,0,104
53,719,230
44,0,71
38,6704,205
47,4543,162
36,0,145
30,149,220
46,-1400,309
33,-118,421
43,2160,261
38,3452,132
27,842,273
38,3576,349
41,1666,291
29,0,83
39,0,793
42,1628,119
47,51,312
30,447,103
34,396,101
45,4994,48
43,3215,228
59,2814,81
50,0,152
39,293,160
36,474,59
44,16178,297
36,0,147
27,88,143
29,308,75
70,1164,338
44,13893,29
55,0,159
36,-435,85
28,389,15
50,356,198
49,2718,114
71,261,1117
31,757,343
45,16,59
42,-422,31
45,248,212
47,145,157
60,598,96
35,949,245
31,614,72
33,1209,700
50,202,107
51,1840,312
34,114,153
56,-229,55
29,182,38
31,401,96
44,759,397
55,4194,208
35,0,122
36,629,109
54,153,74
32,553,72
36,1057,383
60,78,113
32,-28,400
57,929,387
34,428,59
27,268,528
52,83,1223
45,998,38
58,2223,1139
39,6,286
48,312,369
36,0,333
31,691,198
41,771,106
30,192,423
57,0,116
29,1070,30
29,84,1101
30,2,102
44,1242,384
33,5969,156
56,3337,99
26,1347,280
52,64,20
32,249,258
36,0,85
26,128,355
37,196,66
34,351,467
26,5533,582
32,38,744
30,35,185
27,235,13
42,30,98
33,92,127
37,67,45
45,4022,244
36,3057,2769
39,0,561
33,349,182
47,2322,618
49,167,198
46,558,126
31,-230,715
43,4094,63
30,239,412
43,497,66
42,179,96
30,305,633
33,-67,364
41,4539,298
29,770,341
38,-673,364
29,858,234
80,0,639
38,5244,310
36,117,123
38,846,253
44,0,96
31,1331,297
31,31,501
57,179,67
37,543,281
50,253,475
60,71188,205
51,5108,272
48,1738,349
42,-97,216
36,199,183
43,489,130
31,355,61
49,-97,92
35,473,37
44,6649,354
34,263,203
46,781,152
49,1032,41
32,119,20
35,434,277
51,2967,83
57,-331,531
59,1585,91
40,4384,315
49,588,70
51,3180,384
35,0,105
29,-76,305
32,152,158
37,1040,199
49,-384,25
45,473,147
34,475,538
53,0,77
42,149,94
43,3285,1721
52,424,143
34,79,104
34,674,587
27,0,1608
43,58,48
41,532,74
72,4130,427
35,422,73
41,437,14
36,-308,725
51,30,333
37,137,244
42,-247,519
26,321,242
23,250,222
50,-470,130
37,140,490
35,2793,258
37,410,337
79,2628,220
39,116,79
47,0,250
44,878,130
36,2944,882
33,3975,515
42,96,238
35,2288,32
31,472,907
58,65,162
46,0,70
41,400,99
58,7495,325
33,137,305
31,24,631
55,3450,169
38,311,61
55,139,256
47,0,58
51,492,142
46,334,36
61,997,106
47,440,71
34,47,132
34,1298,120
41,3355,181
36,-11,152
26,396,302
35,8,93
36,1409,235
26,170,129
58,2769,94
50,2320,310
61,76,195
28,2034,196
49,3018,93
74,921,394
53,483,288
46,390,208
47,0,508
42,92,86
56,22196,189
42,2,249
49,249,450
43,3274,680
39,5731,175
66,206,479
30,2325,270
38,0,164
31,1664,158
32,3333,50
48,7020,80
34,37,45
28,28,220
40,1670,161
36,134,98
52,603,79
46,276,157
25,2157,339
52,161,274
40,3658,977
26,-402,127
26,3342,329
35,1732,1441
40,263,231
31,623,96
32,3540,213
33,95,335
53,765,959
46,-824,429
28,5549,383
31,191,40
44,420,110
35,0,326
50,2706,179
32,4,132
51,423,95
51,-892,248
31,-120,100
41,-365,226
57,27069,174
34,8038,29
47,-938,176
47,1139,106
36,189,136
29,19,110
39,3663,230
53,0,140
47,-614,118
51,2323,151
48,425,693
32,5122,31
36,608,125
50,341,670
39,607,454
31,1495,159
49,381,504
33,385,29
26,1274,190
27,362,332
51,377,143
26,802,77
45,194,517
54,-315,2029
49,1843,269
47,-9,457
42,83,184
50,433,47
37,-107,158
54,4503,168
40,51,50
50,961,757
57,49,93
33,3470,285
49,-147,390
35,0,146
28,0,386
58,172,145
31,-407,230
36,649,237
49,1040,474
30,142,350
29,209,487
50,3304,1009
26,294,87
27,4848,82
32,1670,183
62,367,139
34,13683,115
25,1420,124
34,340,633
44,1679,718
38,1198,63
57,169,180
36,506,47
41,1249,391
36,678,85
27,212,373
37,23,289
47,4402,805
31,459,623
39,4722,483
35,1555,26
40,61,112
38,0,213
31,3706,129
36,1177,330
53,2096,104
59,748,184
29,3357,120
30,3809,159
52,395,391
55,1011,112
56,420,76
32,76,189
24,0,94
51,844,184
36,1318,100
36,167,57
42,2187,525
49,14440,60
48,2294,251
36,80,251
48,2537,219
30,569,976
27,0,46
38,0,185
36,12,587
45,49,65
44,460,491
42,613,432
37,7944,102
48,1143,264
57,-464,75
44,1989,106
48,17,81
56,-1,89
37,1698,95
47,5306,322
54,0,94
51,1679,417
47,3676,567
25,-242,600
39,471,5
40,8902,464
38,1704,222
34,3050,469
53,2581,99
32,162,297
35,243,41
24,1847,390
58,0,535
49,3371,269
45,1757,1010
55,171,73
42,157,650
28,934,53
48,-19,270
51,-55,119
38,21,634
27,14,72
50,246,270
44,887,165
40,51,164
29,-287,196
34,0,78
44,2734,897
50,52,22
34,2594,161
54,22,23
34,1611,490
34,18,359
52,1331,213
60,7337,122
39,835,587
58,5092,199
41,52,261
48,10655,5
58,1831,1531
40,92,92
48,586,179
52,1758,41
50,2061,197
25,959,144
54,208,255
34,-315,56
48,-13,20
37,801,331
66,1948,216
32,751,64
45,784,34
43,24,68
41,72,764
40,1871,64
44,1378,257
43,188,58
30,6836,30
32,61,529
57,-967,8
31,462,147
49,0,173
31,5527,132
41,1287,286
44,17361,476
54,1956,221
37,0,146
34,-294,532
43,275,69
44,724,157
44,27,485
53,26,56
36,191,69
58,-123,131
26,-147,95
34,179,294
55,1086,146
55,471,58
34,105,249
41,1588,10
38,70,255
28,2700,337
41,1602,142
30,0,209
39,839,825
41,21515,87
36,5902,219
37,547,143
59,3800,70
26,261,371
43,0,539
42,-34,176
46,9328,725
31,5,101
43,3529,169
48,2330,15
41,1334,234
32,3601,171
45,265,14
52,2227,242
37,487,155
38,0,580
36,174,223
58,14412,297
37,3288,124
30,57,465
47,2246,330
40,4441,153
42,0,131
71,353,208
54,448,98
53,27,230
33,474,400
30,1185,284
39,282,243
32,2,16
34,60,274
39,3972,122
75,26452,219
33,818,301
40,9374,7
37,47,374
69,279,26
52,20,172
31,360,332
28,1532,253
29,1673,200
46,2420,405
28,100,132
41,0,89
42,1533,86
34,296,147
28,2788,369
43,109,64
32,485,98
33,125,66
70,616,149
36,3064,240
53,206,87
30,6900,816
45,-179,155
31,481,106
28,12,73
45,0,574
51,176,8
53,4086,14
40,257,731
53,53,208
31,6,821
30,562,137
53,-118,101
40,2805,173
26,565,582
47,0,676
51,1612,384
45,180,62
35,0,295
36,876,241
57,2137,132
42,260,175
32,-53,648
30,944,251
36,2394,184
43,297,119
69,2144,417
31,969,95
35,0,125
26,37,207
46,410,162
30,1211,176
33,71,107
34,436,28
48,559,1231
31,1170,200
46,25,103
40,1325,150
39,0,108
33,647,124
50,2142,309
84,639,353
40,177,742
55,236,200
40,1959,177
46,96,151
43,0,147
34,250,193
35,126,112
57,1621,108
25,8,107
32,189,106
52,316,463
31,-282,131
34,-308,140
42,248,163
47,126,2456
50,13,76
30,-393,435
33,358,302
56,917,306
34,1268,259
33,-163,502
32,473,72
34,4831,265
37,1063,413
30,0,756
29,424,241
56,802,258
31,430,137
59,3940,48
36,2880,283
51,1069,247
54,4382,193
37,0,129
32,3939,209
42,753,31
29,358,88
52,1141,22
40,1259,234
30,227,23
55,538,353
49,92,221
33,8023,196
32,2478,395
21,6844,126
42,440,13
56,800,170
39,914,20
30,638,358
55,159,159
43,483,225
53,94,493
57,1044,585
39,0,13
56,401,26
29,33,161
38,506,122
59,1881,456
42,344,26
46,0,51
31,3,37
35,221,150
50,36,104
42,969,721
36,760,9
25,220,68
42,10907,74
27,-148,146
32,415,777
57,1341,339
48,865,78
34,-566,248
33,210,201
26,1275,18
50,579,83
60,2934,233
47,6637,174
31,271,89
52,0,145
36,472,1017
43,487,548
30,699,213
32,150,210
31,1130,224
29,584,541
48,3186,104
32,133,171
30,868,387
48,480,830
51,1883,57
34,606,97
35,603,474
49,548,115
36,-872,153
37,33,106
37,1689,645
49,902,210
44,0,97
40,260,52
57,589,223
39,626,126
38,0,1473
51,78,723
27,3792,279
38,14058,293
30,-522,670
36,386,359
37,1978,404
53,459,317
38,2812,830
48,5057,37
26,-759,191
33,-416,767
47,2106,168
45,220,89
32,0,746
69,426,225
65,4717,256
37,395,219
45,0,211
36,-206,177
62,6,216
37,4039,106
39,687,869
38,-242,1173
31,582,58
58,8218,124
44,1424,201
31,92,688
33,2085,501
36,197,260
31,2305,139
45,-547,214
30,411,142
34,584,154
34,997,81
39,83,69
41,6563,136
32,0,99
32,0,9
36,398,278
35,1145,82
32,2,100
33,201,171
49,563,84
35,3161,433
31,0,624
42,1331,698
34,2929,518
32,-220,123
29,5980,317
32,48,8
50,0,118
58,3382,294
59,2308,815
25,10,857
57,162,174
30,1073,1130
26,1700,13
50,148,198
39,0,503
45,185,249
37,896,343
47,1279,479
50,199,116
40,99,15
35,378,427
53,15,921
35,147,41
54,2225,73
35,1810,65
31,-6,94
46,435,192
52,335,411
34,-251,641
46,5,305
54,641,472
37,0,115
39,722,141
50,3337,24
44,0,264
56,1504,66
40,35,318
36,895,622
33,752,104
33,1925,76
42,-246,149
30,901,601
33,894,509
26,592,174
26,3529,57
37,0,187
59,0,493
49,371,18
33,1,257
46,834,196
55,298,144
49,306,285
51,143,627
27,186,136
44,5597,27
40,1547,88
36,1852,362
46,1790,214
30,20,404
35,8652,103
31,1626,356
37,749,219
49,51,984
27,-1,60
32,-32,145
70,6850,252
22,333,129
58,-27,77
33,932,226
83,0,664
50,100,157
53,-626,205
37,9,484
55,653,800
49,3608,231
41,293,102
40,36,240
48,263,350
27,8366,458
30,2186,366
37,20453,115
37,105,260
40,440,327
73,519,434
50,19447,166
53,225,171
47,2548,577
33,0,224
50,2284,1088
51,40,79
42,364,52
34,174,259
44,10888,163
32,0,159
60,225,54
60,2131,421
29,-20,574
39,36,70
47,2642,310
30,400,223
31,1214,39
34,-292,181
51,1415,151
38,213,270
47,2540,110
46,3232,94
33,296,90
30,42,115
40,697,220
38,13156,291
63,1490,506
33,150,151
59,0,812
29,4210,119
54,1012,33
57,16063,352
57,5431,383
28,317,21
30,4787,266
28,225,866
45,3854,10
29,92,240
42,-10,291
31,-617,115
59,195,366
41,1172,153
57,0,197
43,0,106
30,-94,41
26,609,112
52,4,30
32,1121,211
39,355,313
31,3653,252
83,1097,181
34,436,118
40,4795,57
39,266,102
50,3357,239
30,101,187
43,10910,66
49,1568,206
41,0,239
35,305,7
57,31,260
29,452,347
48,5,697
38,7929,182
41,39,549
39,267,1151
31,4945,445
51,463,213
35,2116,409
45,59,873
28,131,147
57,107,85
36,-35,339
49,230,96
34,2679,195
65,493,622
26,256,101
52,-133,96
32,811,563
33,302,670
43,3529,190
26,75,351
45,999,215
30,7845,59
37,260,446
45,2048,310
34,1557,213
35,505,371
41,1536,54
42,0,118
48,439,212
45,44,81
47,295,157
37,190,194
32,3935,129
40,-17,474
35,175,219
31,4888,475
36,40,359
44,4460,168
52,98,148
28,330,197
45,13117,42
38,12877,118
39,1506,299
28,0,198
31,775,361
46,258,217
22,246,25
49,2146,1516
44,304,129
31,360,592
53,3316,331
55,6880,353
35,2189,256
35,5304,340
37,102,101
50,181,599
37,3953,610
37,6969,412
29,572,314
31,223,508
40,-396,127
47,164,212
55,2678,151
33,920,58
53,4554,8
38,623,297
61,967,180
43,1577,87
42,1,59
36,0,81
31,1166,207
59,3534,216
29,200,322
33,4790,137
44,-237,73
43,1335,371
42,603,298
32,577,101
43,0,110
39,163,107
23,1158,743
43,642,644
46,466,169
31,119,380
38,3436,663
53,238,238
37,378,514
49,32,128
31,315,130
45,6945,131
58,3496,111
35,0,169
32,309,346
28,0,205
26,668,576
48,1175,1476
30,363,171
31,38,185
31,1183,676
45,942,362
38,4196,193
34,297,63
42,-91,43
60,362,816
42,1080,951
32,620,1234
42,-166,85
33,288,306
42,642,509
51,2506,210
36,566,129
46,668,1263
40,1100,660
49,322,356
38,1205,45
32,473,624
33,-333,329
57,-3313,153
57,295,151
28,1137,129
44,1136,345
