attr1,attr2
1.270457,-26.484255
1.2745444,-26.50544
14.631669,-9.029656
14.691931,-8.939358
8.633727,0.80844885
6.9512215,-0.5308042
-3.825881,-61.64411
-4.3783965,-62.48342
-2.6857393,-62.36988
-4.074265,-63.047234
-3.5112596,-62.45822
-4.405412,-61.75342
-4.2323184,-34.284897
-3.746118,-33.395836
-4.3688145,-34.38089
-3.0285175,-32.851738
-6.7342653,-28.574053
-5.7630873,-27.930233
-6.979442,-29.354641
-6.2280993,-29.122015
-5.5566807,-29.399677
-6.1562395,-29.109451
-7.2261844,-26.786747
-28.733715,-2.3799357
-7.751692,-26.83489
-8.166038,-1.3733948
-8.833352,-23.629435
-4.7870708,-31.61403
-4.887192,-31.702333
-6.292316,-31.39774
-6.157382,-31.402586
-5.7275386,-32.680252
36.64616,-7.5349746
23.047438,33.19838
8.675662,-27.298714
13.423146,46.508583
13.430081,45.775246
34.44325,-8.147175
18.336878,37.527687
15.541642,42.869038
5.4501276,41.63799
-4.796028,-20.355244
17.548826,-3.4943438
13.85824,46.30711
29.257845,-1.115551
16.16523,33.060143
16.165258,33.060226
28.171522,21.678425
28.349258,21.573757
32.133595,-3.7696567
32.99969,-2.5819645
31.91704,-3.8141408
32.2574,-3.154385
29.831758,-3.5683312
26.98886,-3.0674605
27.219788,-4.721788
26.312092,-3.0938401
24.277905,-0.73339826
24.289467,-0.62329537
41.088593,-8.555357
42.741142,-8.138426
41.924118,-7.995669
28.406332,-5.446846
22.698605,2.3443053
31.7803,2.0294735
7.622419,52.66508
-0.13504334,-22.819126
-9.081771,-11.415087
-36.860973,0.7768521
-2.4334288,-4.6468754
-33.38759,13.447695
-3.4452577,-5.8759623
-3.0101047,-29.047707
-3.5769918,-32.130238
-5.923962,-23.937477
0.15151674,-32.527657
-3.6830049,-5.910476
-0.72010463,-35.839466
-5.787711,-20.46732
-6.054199,-18.54534
-7.828796,20.06297
5.6169353,-36.79906
6.330774,-35.988075
-24.636564,0.61341834
-24.349396,0.225677
-24.307907,-0.08464063
-9.951035,-24.417883
-26.697325,-25.126091
-26.147953,-24.31004
0.6410581,-33.28591
34.072346,9.264633
16.040993,49.203434
34.07273,9.258051
15.929565,49.603046
30.554527,25.242111
30.550732,25.30852
30.550777,25.30707
14.281288,41.216293
20.071089,-14.377983
19.570858,-14.621702
26.942911,0.43428853
35.76984,-3.909334
28.385334,0.13338748
30.153288,2.328775
30.732195,-0.18612304
26.937977,15.239618
30.084208,17.301712
29.932459,17.343065
19.281422,-21.745293
-16.952341,8.620987
-16.605003,8.275991
-27.162043,16.833187
-28.310448,17.315006
-27.977497,17.090595
-21.928347,14.07696
-19.718098,15.99648
-22.080376,13.988873
-21.947756,13.935176
-10.17115,-2.937911
-35.768196,-3.8407185
-10.795881,-2.8505495
22.63072,-6.7602987
22.533588,-6.780632
24.254627,4.7872906
24.059986,3.860731
-11.082306,2.0317845
-10.515524,1.9592988
-28.944921,21.13718
-34.820877,-4.800357
-34.865845,-5.6509724
-27.579762,-0.31988928
-5.8893127,-23.051855
-7.644988,-1.1702293
-5.33763,-23.19153
-27.924726,3.0415018
-3.3155189,-22.363745
-7.107031,-24.042332
46.23645,-19.964481
-19.801775,-13.365198
0.5718652,-29.58715
46.582394,-20.782549
3.8192995,-30.394274
3.7742672,-4.7546453
16.422249,32.890926
12.629297,43.078533
14.621969,37.625854
-5.3017936,3.3135266
-5.5316615,2.6221614
-31.836071,22.67155
-33.00355,23.31598
-31.495806,23.533993
-33.052994,23.297068
-31.66317,23.146482
-5.3684273,2.6330242
-6.429254,2.692995
-4.980231,-0.8135802
-30.679956,25.905664
-2.2370396,-0.13703725
-8.447343,32.33688
-1.2993929,-19.63437
-4.5528655,-1.1052111
-4.783409,0.9502177
-6.879741,32.709686
-1.293308,1.7853674
-2.9278903,-2.4736457
-2.2770207,1.7411385
-8.392167,33.73401
-2.468664,3.1038005
-7.0528097,31.204544
-7.407181,32.931847
-8.378297,33.735485
-3.9289074,-2.4343145
-3.9461317,-2.3751051
-4.2193766,-2.2326102
-3.678806,2.8974354
-4.5110135,-0.15396963
-6.672186,1.6616923
-4.4801126,-0.20606574
-6.7014236,1.589927
-6.702787,1.5901878
-5.362814,0.70187885
-30.79935,23.394243
-30.471647,23.390284
-6.8758745,-21.108725
0.8401013,-2.5138807
17.683771,42.43627
19.63204,40.604248
-2.0016527,4.376609
-20.534595,46.544674
-20.913479,45.857994
2.8062613,-37.55051
2.8210654,-37.516857
2.9749007,-40.380215
3.1320894,-36.485306
11.673661,-18.541716
-15.620222,8.344527
-15.973642,7.908648
-15.687887,7.4874682
-15.903301,7.802655
-29.696388,8.980388
0.16559635,-2.919519
0.35262907,-2.7463527
-5.4405975,29.594227
-5.4672427,-2.5353897
-19.181683,16.493547
-19.341927,16.93322
-1.0238374,2.1776047
-7.009021,0.36407402
-8.921032,2.3012094
-6.4683404,-1.0922325
-8.341576,2.2700827
-29.91879,19.49625
-30.493143,20.256994
-25.381569,-28.838926
-4.6848755,-24.617275
-9.464523,-27.12972
-11.265544,13.866571
-11.314284,33.14258
-3.5597467,27.686052
1.9428755,49.557262
26.902178,0.835559
28.37508,2.37991
-2.2124393,2.7529228
0.27798465,5.1671624
14.313237,6.695031
36.479156,-4.9036527
36.127903,-4.797944
22.357529,-17.878399
22.377522,-17.870804
5.0514483,35.43796
-7.1957617,31.799997
43.389874,-15.239827
43.072796,-13.353763
43.38578,-13.922207
15.359575,-15.423709
43.34899,-15.437481
20.046772,-17.387423
26.887487,12.578958
29.848183,0.17662334
29.827595,0.58934134
29.550104,0.34787422
31.407932,1.1345518
32.556793,3.7559545
24.865582,3.6252592
-8.339558,34.636295
30.104118,22.356344
21.769085,35.677513
-0.03290999,-7.211403
-0.18312451,-22.723845
-1.0262868,-21.646248
-0.035632882,-7.1734543
-8.66012,12.4237585
-0.7978132,-21.321877
-6.599247,30.618092
19.830894,-24.475872
19.818718,-24.446089
33.48909,1.0749115
33.15954,1.4588299
-7.9349513,35.72317
35.72247,-2.8578777
-6.901917,-21.136602
-9.020331,36.240246
-9.003645,36.42584
-8.934983,35.93467
25.279362,-8.483202
27.923872,-2.1010878
32.396168,-1.5593084
33.96751,-1.9085488
-31.321121,22.062384
-31.013308,21.537914
-9.677054,-22.772282
-11.40472,-16.449495
26.774796,10.93841
-0.6159107,-19.535511
-0.5716984,-19.539219
-8.392408,-12.380044
-0.5437852,-19.551746
46.542484,-14.638964
46.43638,-14.513424
47.03002,-13.664214
46.68408,-15.001347
48.247536,-17.187746
23.204489,-15.969195
47.9502,-14.637576
47.93729,-13.947663
48.297565,-14.866514
47.83743,-14.172879
47.89423,-16.984793
47.907295,-16.927782
27.577854,-7.6781974
27.588331,-7.771022
-5.764274,-21.725266
-5.7701297,-21.787771
21.785145,41.893776
21.745134,41.87003
21.910397,41.76342
21.59105,41.740696
20.935776,39.493324
20.83381,39.880352
29.86448,21.97235
2.8232741,-1.0574051
1.524652,-1.7357978
1.7734349,-19.423307
34.89502,-15.533725
-5.386535,-22.13766
-4.5393214,-22.568586
-6.902014,-1.3747813
-35.547,12.5378275
23.579012,40.39948
24.764267,40.627014
24.804657,40.63127
23.777088,40.8133
47.57247,-12.167259
42.970013,-5.6011963
42.731518,-5.3214993
47.87571,-12.372098
47.90012,-12.556195
42.759857,-7.1172504
28.555302,2.1930199
28.642488,0.65017897
25.540977,3.8543181
35.33759,-1.5885952
27.688242,1.5812695
30.047972,3.8119752
2.6618779,46.62587
6.830776,-28.685724
46.260574,-20.001225
7.6384315,-27.483406
8.002358,-26.850584
7.272959,-28.025234
8.093571,-26.416897
4.6853027,-28.088936
2.5654936,-31.469944
1.9997492,-31.394762
-19.799683,-13.3623085
2.1167989,-28.950325
14.103207,-28.6661
2.4174113,-28.767097
2.815511,-28.96135
1.56712,-31.669754
1.7470951,-33.48191
-3.7717657,-24.154314
2.2861578,-33.278763
3.8912456,-30.310228
0.0028103152,-28.349863
4.5610223,-29.557703
4.2476563,-29.96175
5.0121865,-29.426012
46.604675,-20.923487
0.5445416,-29.20745
-0.03249776,-28.349773
26.713013,2.9417198
-19.059732,8.831387
-31.483301,18.456217
-30.985716,13.83931
-19.43256,9.226341
-19.272257,9.180628
-19.027975,8.718575
-9.707534,-19.942556
-32.765606,18.050457
-31.991116,16.382164
-9.926356,-18.297314
-38.679302,7.2931757
-38.68236,7.2947927
-6.3388805,-22.824352
16.974308,15.605111
17.332933,17.79443
-10.134065,-17.956377
5.5851173,49.56303
36.04224,-0.5831643
37.067886,-1.0857378
36.740833,-0.83544654
34.88946,-0.5783521
24.400753,36.657078
24.287642,36.652023
24.416782,36.63995
27.96693,-3.3631613
30.118935,-3.708621
26.705,-3.2714922
27.623148,-3.3299751
23.852274,-0.5130449
27.751497,-5.6830125
28.319012,-5.6738214
27.634138,-5.6944714
41.704628,-8.077794
23.683231,-6.47163
31.33408,4.1004415
35.063267,-5.0467205
41.377407,-8.824455
3.4404066,39.728783
24.82777,-7.506306
25.692593,-7.9974203
24.442211,-7.5463424
24.640968,-7.714083
27.911007,-9.263437
-8.657705,-20.536375
-28.471846,21.439745
39.816223,-16.392756
39.999535,-15.939278
24.037172,1.4163852
32.204826,3.0724611
28.417484,10.994563
23.978804,1.9984609
23.946703,2.1288083
23.896233,2.3126652
29.742943,4.645317
29.564894,4.816893
19.524958,-14.881494
-2.9529119,-21.173058
5.282473,-7.538799
-4.846203,-20.98166
-22.955788,18.974499
-23.09744,19.39953
-23.034481,19.169989
-23.053562,18.953428
20.582542,-24.456408
21.151709,-24.51384
26.126024,10.487939
43.347523,-9.144917
43.676994,-8.722557
42.452217,-9.7371855
42.54984,-4.6152053
43.054237,-9.461938
43.474472,-8.904917
26.684776,-0.3800298
1.5309259,36.626114
17.986586,-11.760632
7.876525,0.22749676
7.4479065,-0.16787384
-17.387304,23.808153
7.790082,0.12830362
7.083922,-0.44479898
-2.990835,-61.680157
-2.5573788,-62.141796
-3.5615885,-62.189445
-2.9773266,-63.294178
-3.9077425,-63.201313
-2.6916819,-63.12341
-14.8822565,28.111156
-15.010871,28.344025
-26.852991,22.208364
-26.74904,22.653135
13.573774,-11.421262
1.9436344,-5.004919
0.8766341,-4.9454947
-4.2161994,39.387165
2.2694557,30.600073
-4.586333,39.83825
-7.2026434,22.150269
28.414474,10.711755
-5.207367,30.342691
-5.214395,30.370867
-5.054978,29.108345
-7.1848407,-3.0713925
-7.183873,-3.1715329
-30.951979,19.671993
7.0122433,14.570399
-23.336157,12.743731
17.86447,23.4247
1.3012184,-19.313334
17.847855,23.45995
17.860483,23.470404
1.0128944,-5.086146
-0.16885836,-5.567142
-8.424836,-14.8833685
-8.930925,-14.522175
33.907566,-0.9970935
7.1632476,-36.43292
6.583517,-35.440132
6.8552146,-36.881805
7.4675417,-38.121883
7.4518085,-38.154106
-21.875051,44.66288
-20.834814,45.154095
-20.758316,45.004765
-20.851309,45.141945
-3.868944,4.56678
-7.471714,1.5403403
23.384392,4.0229697
-1.6914971,33.440693
-5.7721524,32.943314
-9.955468,-22.053211
-5.5196223,3.5345378
-6.0766044,3.2384536
-3.678806,2.8974354
-3.7071373,2.0096893
-4.3107104,-0.37264466
-3.685159,2.386767
-3.4862297,2.3476849
32.17005,15.958069
32.31029,15.891833
32.41333,15.80937
13.843394,-2.6322205
13.871381,-1.8417324
11.301616,52.132267
10.916887,52.397976
35.033794,14.228914
35.874294,14.468039
36.631504,14.786044
35.086525,13.995055
15.123297,-2.3820868
14.575732,-2.0348215
14.787123,-2.1550198
12.464769,51.65341
37.634464,15.64081
37.40253,15.490273
37.65812,16.2105
37.66036,15.620206
37.066006,16.071247
12.330234,51.439995
13.888915,-22.562881
13.334329,-23.68664
13.261034,-21.344864
13.454925,-21.82001
-4.484664,52.047234
-4.3146353,52.38945
-4.156563,52.387234
-4.414653,52.20732
-3.0316942,47.479664
13.454028,5.8136206
12.813115,5.542275
13.347588,5.8050127
12.884536,6.066632
12.871766,6.0608373
2.0065308,42.322525
1.025093,42.58224
2.1055121,41.538727
-2.446273,46.855022
-4.77864,53.288258
0.98525345,43.840256
3.7630272,41.730232
4.206067,41.59935
25.104755,22.770533
25.140617,22.812742
25.451475,22.67932
0.10660078,44.264656
17.061459,-1.0500869
-1.5603594,45.560276
1.7228227,43.529476
4.764326,41.19578
-0.30850914,44.791447
-1.4883447,45.465878
-3.5753162,51.54763
-1.9531049,40.128365
-4.1208525,23.632757
-1.8781936,40.4346
-2.2644064,40.849796
-1.3482429,41.48657
-0.6553644,41.67201
-11.132713,27.159328
-11.977946,26.757132
-11.429392,26.517483
-12.777908,25.637152
-11.926567,25.75206
11.58994,5.9134755
10.479847,6.263444
-11.335973,26.1173
-11.563725,27.354063
-2.3244033,42.94302
-2.8148801,47.369682
-4.8473873,47.252296
-3.4808946,44.26268
-2.8371294,44.54274
-4.8208003,47.33802
-5.0328407,47.200043
-3.0306914,44.49875
-2.8779242,45.72174
7.211471,41.923763
7.322576,41.576954
7.1482687,41.501358
25.526325,22.303543
25.368711,21.946215
5.9622498,41.01892
19.045406,34.030907
20.037193,34.372486
18.592361,2.334857
18.35506,1.4978033
17.794348,1.2805403
16.029848,0.3790421
12.716635,-0.753277
20.674557,12.678606
21.277502,12.596833
18.19611,28.355
20.598566,31.520763
5.618554,-33.702705
15.8891945,-21.906382
19.822704,33.82
-15.780001,1.0338638
-15.985353,1.1233237
-35.942467,-2.0831735
-38.098564,-2.7379653
-38.179245,-3.206029
-16.037888,-0.25276077
-30.290401,17.917181
-29.535858,17.579676
-16.872551,-1.6823937
-37.58698,-2.5900815
-35.94321,-1.9300039
-10.649658,-4.6209483
-26.6081,0.77773
-27.912582,3.2259376
-26.10801,0.70954037
-25.338484,1.1909678
-10.649435,-4.6221046
3.638883,1.7892956
-17.060099,-2.1396532
-29.027498,14.624509
-26.728863,1.1247804
10.078619,-7.779806
3.855526,2.0132194
7.019046,7.124712
7.099006,7.1047378
7.0710855,7.0753937
19.60693,-27.85134
-2.6961672,37.199524
28.776926,11.78627
19.981634,-25.99413
14.694777,-0.7377801
17.04399,1.633766
25.086308,10.964217
29.330141,13.888898
17.18198,2.3155117
28.894281,5.619304
7.131821,-5.161632
8.257055,-5.791799
11.1131115,-6.5187764
12.196659,-7.8102493
11.823242,-6.811958
9.258948,-12.461944
11.740092,-7.240027
7.138399,-18.656084
7.182075,-18.739147
12.826284,-9.535059
8.333194,-10.073989
8.350587,-10.027088
11.925635,-12.821371
13.039144,-15.347255
14.068713,-13.304436
13.986281,-13.490345
14.789375,-11.201044
15.044591,-11.615279
0.66975117,5.4965487
10.1833,-33.506557
10.095374,-33.611973
10.468681,-33.062458
5.660781,-13.137066
10.34516,-33.57354
5.8137236,-11.682223
5.853591,-11.849186
1.7766567,-44.16774
1.8556997,-44.51731
5.509999,-10.760924
7.936055,-4.798551
-18.428503,23.675446
-18.470013,23.48097
-18.579683,24.326973
-15.718827,16.325443
-15.812925,17.036106
14.460384,22.732965
34.41779,-10.8338375
13.195204,23.170132
0.57861423,-17.85578
0.5536609,-17.696156
14.336898,23.089504
34.476,-10.81728
-14.139792,12.101703
-33.379173,13.839725
-14.897993,13.164756
-14.901786,15.950372
-14.791502,15.704809
13.815048,21.210726
13.501052,21.371155
13.1613,14.866281
13.033269,15.138615
13.77563,20.735554
13.795816,20.699514
-2.9767058,-29.501408
-2.9205275,-29.77116
-2.887036,-30.189322
-33.14451,4.3581977
-2.8030157,-30.352022
6.90415,36.900177
5.541061,39.557106
6.092048,35.95546
6.5660586,35.770805
6.418701,36.332348
6.419577,36.275127
18.50468,-20.837814
-9.760327,26.89937
5.3218226,40.493755
-11.4104,24.113771
-11.395279,24.103575
14.541566,-18.136726
-8.71489,21.917824
14.290574,-18.13158
13.83319,-18.20415
14.092462,-17.725044
13.188098,-16.898106
17.533455,-17.535027
17.615438,-17.522152
-12.291126,13.018762
9.196118,-5.8314795
12.446631,22.646326
12.002058,22.571518
-12.376385,12.820433
7.528194,-4.1677876
-15.877506,-0.53875774
-27.71686,18.12892
-27.99132,19.124123
-27.042599,20.173733
-27.151691,19.311714
-13.743449,0.044584054
-14.293123,0.25368008
-14.464379,0.21069548
-13.736036,0.04789759
-14.282555,-0.041423902
-24.359922,16.07571
-25.906038,16.910763
-20.709423,12.052602
-20.803953,11.293424
-10.55091,-11.250184
-10.648387,-11.22017
-20.0029,11.598664
-19.799553,11.942716
-4.099084,-23.343302
-19.515026,12.363014
-3.7417834,-17.411201
-3.6962528,-17.288673
-2.3528907,-13.848948
-1.7525533,-13.78121
-24.40764,-13.539762
-24.383514,-13.64805
-19.80943,12.472612
-26.806786,15.316579
-1.144668,-13.59853
-1.2648072,-13.668576
16.150908,18.459242
38.23132,-11.466238
38.32504,-11.499061
36.23435,-10.284327
5.475522,-40.813015
5.433064,-40.77123
16.945787,-6.6060505
13.206857,-4.792908
8.441402,-3.8379645
8.325363,-3.8224673
11.374483,-4.6760097
-21.69591,-14.292987
13.076145,-5.947574
13.195925,-4.6261973
17.064413,-6.662958
6.0374575,-40.889908
15.708104,-1.2722642
16.452353,-3.9140048
16.385546,-3.9905114
-32.896595,6.592861
-32.243393,6.3732777
-32.283962,6.819566
-25.250679,6.8737764
-25.486206,7.051053
-32.49295,11.540472
-35.454662,12.234192
-22.014702,12.120991
-31.096577,10.888762
-21.773695,5.4324503
-21.542099,5.339624
-22.625986,5.8375144
-21.543018,5.3520827
-32.314228,5.7747674
-33.12005,7.410557
-31.768976,5.4121985
-35.982727,2.9300513
-34.596096,1.3121235
-35.989796,3.7913225
-34.60015,1.037273
-37.2585,1.7141453
-33.83175,6.0164337
-37.75371,1.8590494
-34.940033,6.8350024
-34.850395,6.458753
-31.735718,5.2890587
-35.245827,0.36021468
-34.75185,8.838953
-34.752502,8.1270895
-34.752502,8.1270895
-35.236717,8.124669
-34.752502,8.1270895
-33.367825,10.792577
-32.941803,11.003538
-30.31385,7.297312
-30.053123,7.4263377
-33.66384,10.464346
-32.874584,10.894694
-30.796457,7.4771185
-33.5023,7.902309
-27.648722,9.030484
-27.385466,8.663523
-28.155235,9.548163
-16.25857,1.5261405
-25.761555,6.7206197
-26.09881,6.745574
-2.7864454,-15.26359
-3.2376497,-14.458832
-3.5801344,-13.494258
-3.9908698,-13.290542
-3.059876,-14.383827
-3.7537286,-14.222965
-30.03544,11.379283
-16.992064,-1.8867563
-16.499609,-1.4297099
-31.06626,11.409309
-30.242298,-8.223464
-30.202621,-8.31251
-19.562449,-8.014406
-19.702171,-8.016828
-33.379116,-6.788864
-32.641846,-7.613601
-22.290104,-8.877004
-21.275515,-8.848506
-19.633259,-9.855152
-8.563173,-6.6379123
-8.511519,-6.6926312
0.44826123,-8.89914
-20.332275,-12.547798
-25.039589,-15.630944
-24.997463,-15.589697
-24.22535,-14.289824
-8.828425,-11.267198
0.4625164,-8.908241
2.5863552,-44.976368
13.300778,19.416418
14.400539,19.2629
14.398649,19.357866
21.42002,29.373566
15.060023,18.265724
12.959336,17.518217
-14.168761,16.53784
-15.282956,16.951857
-25.44928,18.356329
-13.881414,1.0642171
-20.323187,12.737241
-28.359692,14.593186
-25.451942,18.194393
-21.049395,10.4826355
-29.52469,9.170558
-26.596384,10.302397
-16.782084,13.872914
-29.361046,11.911778
-16.975098,15.116063
-16.936962,15.82997
-17.353224,17.371887
-17.745564,16.180552
-17.756727,16.160679
-17.681295,17.748152
-36.56209,21.12858
-37.378014,21.266535
-37.3608,21.252924
-13.762875,-4.4744287
-35.543274,18.4585
-35.99137,18.53176
-7.169177,21.70418
-7.036094,20.403027
-11.88773,22.525963
-6.9066653,22.06976
15.657669,3.1205037
-5.1224446,20.35343
9.526783,22.98979
11.805494,30.215458
10.826613,6.761728
10.98289,9.04107
17.935808,34.89708
17.686111,34.61165
18.369904,35.418087
12.476369,35.570915
11.242526,37.69557
11.258378,37.662186
-5.3135715,22.91696
2.2742238,31.42576
-5.903083,22.821386
-7.0958743,23.479378
-6.161014,46.99518
-6.695789,50.925858
-4.857616,44.578438
9.697281,8.63577
9.295933,8.539972
-14.314133,27.285353
-14.250362,26.639353
1.9055725,31.864735
5.509988,26.752247
2.1253753,30.83266
-13.81356,25.795746
-26.998028,21.08861
-26.918434,21.359726
-22.917622,13.066475
-27.745417,20.046381
-27.953741,12.652551
-29.250423,12.73485
-29.005919,9.795617
-27.929695,4.608879
-27.656664,11.541656
-27.472233,11.688467
-26.758999,11.7240505
-26.711658,12.010648
-32.610714,-3.9370358
-34.71638,-7.2092676
-35.168842,-7.6202197
-29.884539,1.4194643
-32.7087,-4.0584426
-30.457972,1.876661
-43.00521,8.214439
-42.867455,7.758706
-41.716946,7.980058
-44.619198,7.2764983
-45.54431,6.845484
-44.34904,7.3994117
-44.125717,7.4883876
-42.218433,7.1044807
-41.708836,8.028415
-24.009602,6.371101
-30.68815,3.7785249
-35.215343,-1.258618
-28.296759,2.2395616
-28.874048,4.297251
-35.842247,-5.93022
-36.215157,-5.8256025
-32.244953,-4.4679313
-34.905743,-2.1237125
-36.025375,-4.82624
-19.312447,-5.505612
-28.66117,6.3770375
-32.0601,10.035921
-29.241373,6.748049
-35.9922,3.0318983
-29.592018,6.6659665
-29.999136,5.9331994
-40.489643,9.567216
-40.389618,9.699099
-28.781555,-0.71107036
-29.32751,-0.3503231
-28.889988,-0.8854175
-28.820547,-0.84037745
-43.93864,8.160865
-41.58456,8.419346
-32.4948,-2.2457948
-23.571964,5.1257753
-31.344576,-3.5592253
-30.722519,-4.3219566
-31.602823,-3.98349
-30.34362,-4.478344
-28.687025,1.4058911
-30.590078,-6.5266805
-34.038277,-6.1103053
-31.704466,-5.589333
-34.4787,-10.152462
-34.313133,-10.78201
-26.395773,-1.6873131
-26.334526,-5.0001607
-35.13357,-8.476177
-31.670336,-2.7674415
-35.441498,-9.684578
-35.47637,-9.808681
-0.46142235,-46.809685
-0.18896721,-45.948776
-0.28376958,-46.294388
3.597934,-26.461575
-0.9417773,-41.13229
-2.5238593,-40.92093
17.023815,30.577164
17.144709,30.781494
13.100462,0.9491223
13.082405,0.7385932
18.049105,-6.7708836
12.540473,-1.4000103
18.222404,-7.1129265
18.55369,-7.428761
0.8013755,-43.11567
3.7628195,-20.93615
3.4912572,-20.781284
0.909497,-42.88116
2.3032405,-42.267475
1.7933716,-40.83991
1.7041607,-40.64331
1.7084222,-40.525677
1.8806517,-39.820805
-0.23695962,-43.667194
-0.40600762,-43.24222
0.2599437,-42.69212
-2.881264,-45.46464
-3.0292916,-41.651432
-2.0165985,-44.912624
-3.0457325,-41.493885
-3.6827822,-45.965015
0.78263104,-32.477814
6.214383,-7.660781
-0.13369937,-37.246983
0.32418847,-35.79032
0.38363612,-36.108006
0.4838163,-36.277164
0.57074326,-42.718067
-11.9731,-48.822666
0.31405017,-43.314987
-2.969152,-45.577244
-3.1879168,-41.552135
-3.7790446,-45.969707
-3.4312193,-41.34347
6.343451,-7.8530116
-0.17324571,-37.208687
0.2164073,-35.00581
-0.44125706,-38.325798
2.0972638,-20.514555
10.257963,-6.6842113
10.629471,-12.52866
13.50258,-15.489916
-16.756502,24.521057
14.652965,-15.884668
13.352711,-15.737051
12.832558,-22.800953
13.520777,-22.690779
17.267471,-18.328354
9.652918,22.06264
17.210117,-18.546555
17.132938,-18.794806
17.350605,-21.81142
17.477922,-22.447582
17.517641,-22.297155
10.281584,3.8462858
17.044859,-22.599098
17.050879,-22.88587
16.982912,-24.26336
17.221416,-24.05124
-19.102196,15.889242
-18.295607,15.216349
-25.595797,-1.9496346
-25.329567,-2.275029
-19.341919,-7.4450655
-20.453415,-7.601758
-25.083021,-5.4086146
-25.286413,-6.6808233
-25.674707,-7.559958
-25.281567,-6.6469827
-22.661524,-8.807656
-18.02969,-7.102125
-22.653137,-8.791158
-17.111248,-7.1910834
5.8085346,14.18705
-16.661871,-7.237632
6.5247335,14.358294
8.959325,43.443436
11.424375,43.96319
36.64089,-34.545116
36.10706,-34.853054
35.967743,-34.933113
35.636696,-35.217434
9.080771,-41.459846
8.546767,-41.221897
29.105597,14.469625
15.286934,37.185493
28.578213,15.539401
11.026672,40.375336
28.036598,16.432594
28.21009,16.937136
13.16993,30.15099
12.12873,27.844585
12.929456,30.571629
9.871694,40.24227
13.414437,30.007608
22.655905,17.796165
34.051125,-7.8806124
8.363564,36.956295
18.111897,34.142677
13.416887,28.02432
18.028145,28.31177
30.199537,-0.7080499
17.664545,32.775932
17.747225,39.89262
14.057392,39.184822
14.3408985,39.023323
14.540509,32.066532
13.915879,31.88693
13.860716,31.5531
13.788874,31.004913
15.82856,34.560635
15.1163645,31.072458
15.887506,34.447853
16.333593,34.898224
14.923661,34.608944
13.993598,32.605644
15.800715,45.19243
18.066837,40.852467
13.895924,47.50469
14.718128,46.946117
14.862316,47.100334
15.592158,45.30185
14.312537,29.398823
15.115237,38.41865
13.20283,40.265858
17.207973,37.428864
18.02264,36.454723
29.349876,20.187395
14.995248,36.739063
14.99546,36.738846
12.772857,51.082214
26.557114,21.288616
13.389451,50.03748
13.362824,49.89175
13.5300045,48.214188
13.358346,47.810997
20.466295,33.585064
21.339275,31.85907
17.2194,37.209293
15.167579,40.731895
15.769375,39.04158
36.45846,-8.131607
36.600777,-8.602673
24.58284,29.326683
24.58374,29.407679
-12.735782,22.929222
8.934946,8.146845
8.827212,8.368151
-14.543908,18.511591
13.766847,15.060839
1.8687189,-46.289043
3.1340444,-45.60614
-36.77604,-38.51835
-15.016235,23.532093
15.854632,16.487135
-9.621682,20.198956
15.651789,14.211494
15.744071,17.043346
-15.008516,22.10216
-10.121756,19.99926
32.37159,-9.663504
14.602881,15.151959
-6.2252903,40.067013
-5.8030267,43.627438
-5.877027,18.838535
3.3755662,0.45176172
-5.691974,40.566864
-5.468777,51.731968
-5.954669,18.940151
-5.459869,40.7774
-5.9777164,45.02883
-13.4191265,23.198914
-13.8262205,22.401491
-13.180475,23.833073
-8.998604,19.438272
-8.885725,17.681992
-8.896757,17.641096
-7.4510937,21.411636
-4.4534106,43.362972
-13.579137,21.165716
-13.741124,20.024103
-13.858624,19.228994
10.858996,-3.682903
9.599012,4.558799
8.738261,4.36882
-13.216914,21.377296
9.814402,5.290486
11.9271345,6.852455
11.32086,4.6646786
11.369803,4.4427643
-5.831239,21.768936
-13.25703,25.159607
-14.4627695,24.19884
11.233689,9.254834
-9.285146,20.54271
-4.163538,45.089504
-4.504457,45.154068
9.167703,15.352524
-4.9107285,23.121763
9.159658,15.300044
9.948092,40.16876
8.467382,41.824657
34.726635,-35.942867
35.138912,-35.623337
12.914709,43.350723
12.349329,44.059597
29.073393,20.014744
16.729483,38.509144
14.425717,43.270973
19.396456,31.173944
18.896233,31.388268
19.491411,31.014484
19.565338,32.385002
19.050148,32.68482
14.336265,0.49527684
27.014683,20.00778
26.638945,20.203962
27.071497,19.641485
25.103792,20.90264
15.738121,37.918373
28.811424,20.829945
38.46173,-29.72737
13.708628,18.330868
5.7175765,-42.996788
5.7392015,-43.01809
38.451942,-29.76679
-29.17557,-38.410812
12.137649,-16.188028
11.32898,-11.943043
7.428401,-14.682707
7.3392124,-14.244131
12.053804,-15.548951
4.5741982,2.6701388
11.30017,-9.771556
15.745153,-10.475062
11.069216,-12.570177
11.502771,-16.512293
11.379766,-9.753969
4.25581,-4.5411377
9.232479,-19.602385
8.9635935,-20.591618
8.201979,-13.687487
8.170919,-13.924255
8.692192,-13.613128
5.914366,-12.802793
8.18381,-19.89945
16.146278,-10.401921
8.463688,-22.633116
8.912884,-21.630821
8.441052,-22.691301
2.7584713,18.950499
-17.083052,-21.301899
22.04217,17.766182
10.478228,18.872292
9.394879,3.6217308
3.172674,18.610815
25.01424,-24.554829
27.04459,-18.939657
-0.15778731,23.886057
19.094984,-36.690937
25.2146,-24.231285
-0.10724655,23.855972
26.981613,-19.01545
25.097244,-23.786127
0.59923846,23.622316
14.932533,-40.975967
17.202623,-41.254192
17.422312,-41.343086
17.223883,-41.26464
16.289024,-41.252514
14.614339,-40.93002
14.593116,-40.921543
16.525087,-33.453197
27.289343,-14.4522915
27.316198,-14.458863
4.218728,-23.839838
30.00671,-14.425233
30.370241,-14.903678
30.487713,-15.24676
4.2731533,-23.793354
30.582783,-14.930386
-16.276917,-27.955715
-16.612547,-27.850811
-17.198881,-27.467314
-18.703583,-26.080137
-17.384775,-28.146093
-17.41872,-28.219242
8.026558,23.539177
33.760056,-15.057467
28.084864,-29.311089
28.087034,-29.295382
27.75173,-31.099745
27.65129,-31.282383
27.702206,-30.82084
33.088997,-29.524755
28.426626,-29.99924
29.468813,-30.06002
29.052296,-29.823986
9.168496,-43.565224
8.986158,-43.693794
9.012963,-43.6102
-10.709279,-42.267174
-11.511061,-42.375145
-38.520008,19.347666
-38.781338,19.590302
-38.848103,18.721209
-39.1429,18.928661
-38.51595,18.97386
-40.7651,17.26507
-44.493347,16.235363
-40.06144,19.25822
-40.172276,19.618422
-39.923573,20.24178
-39.759266,19.75996
-39.345383,20.005661
-43.62821,16.087614
-43.07926,15.5631895
-43.18574,15.720708
-43.08527,15.810344
-43.292145,15.152161
-39.37313,18.170734
-43.604538,14.353083
-44.59742,14.979142
-44.85066,15.003542
-10.868296,-35.899178
-27.699991,-28.762035
-11.135152,-36.26591
-11.693198,-36.254967
-11.385766,-35.786945
-11.724504,-35.774467
-11.716444,-35.599735
42.29071,-20.264917
42.30789,-20.282614
39.305485,-18.18073
39.67177,-17.73835
40.005898,-18.598013
40.063824,-19.45464
39.609943,-17.998669
39.93606,-19.490538
38.844303,-19.94998
37.966835,-20.11488
36.234474,-20.772152
36.542496,-20.254091
35.482735,-19.40799
36.060146,-20.79113
35.99987,-20.298616
35.435005,-19.471075
4.7426043,29.434847
6.0876803,29.035997
6.883923,28.348804
6.409824,28.76496
8.441548,27.306757
26.220594,-27.978867
25.781775,-26.863066
-1.3588145,26.97725
2.1619205,23.95225
2.204635,23.994455
32.711468,-15.656178
32.69914,-15.368992
31.896631,-15.377861
33.290054,-14.488159
32.996323,-14.597563
33.17865,-15.105454
3.7980433,25.932266
4.224017,26.107933
3.7239277,25.565199
30.559275,-23.636591
26.988194,-27.094925
30.15699,-23.717829
14.118209,-31.595936
36.1639,-28.509281
36.25697,-27.721375
35.625824,-28.023636
34.412983,-29.027922
34.284172,-28.998531
32.72566,-27.181267
32.22063,-28.71032
36.87995,-3.1153307
31.197237,-21.950813
30.882109,-22.2004
31.212303,-22.016207
28.531002,-25.656837
31.69753,-21.519012
30.481886,-28.679686
32.099678,-28.242886
32.219734,-28.135477
32.86922,-28.011677
33.13321,-27.78919
34.93684,-26.704432
34.878838,-26.569115
34.975445,-26.529858
23.662165,33.449318
-28.480265,-33.66423
-28.594585,-33.673573
-27.890032,-33.518497
-27.14757,-30.983974
-26.886835,-31.510641
-27.550564,-30.463701
-12.762419,-15.221897
-11.577942,-15.596361
-11.403545,-15.542693
-12.73625,-15.202128
-12.681611,-15.508281
-27.721735,-30.72055
-26.700886,-30.14769
-26.052916,-31.568897
-25.675106,-32.189934
-25.656206,-32.848507
36.493446,-1.6370677
19.956974,8.119544
19.952845,8.1227665
3.8067353,47.442345
4.2308135,47.798084
4.4249253,47.291912
3.560612,48.094654
3.3718975,48.361816
3.6998928,48.94627
2.9520507,49.177906
3.135801,49.400932
3.2820659,49.912308
3.6890185,49.695667
3.9676297,49.7898
4.245941,48.666344
25.390991,13.750498
4.4682546,48.424637
25.388536,13.845728
25.69292,12.973038
42.611954,7.5852113
41.982403,8.452918
42.142002,8.22758
42.58982,7.6068225
42.81095,7.2843084
17.428644,26.674086
22.63665,22.267063
22.577654,22.291166
15.283867,-30.39585
15.062127,-29.56231
19.18543,-31.614904
19.368784,-30.278456
19.907597,-31.864113
19.385664,-31.763111
19.681013,-34.34454
19.67916,-32.04612
19.763985,-32.380733
19.419037,-32.81491
18.830647,-34.225494
18.971777,-34.277115
19.300983,-34.76449
19.515255,-35.192387
20.187128,-33.42724
20.621452,-32.907085
17.793196,-27.2583
15.335459,-29.094532
17.119722,-27.964848
16.539873,-33.85584
16.464386,-30.052029
16.24994,-29.957232
15.832472,-29.435383
16.976545,-28.316631
16.72092,-27.948288
17.618917,-28.904045
34.31376,-13.213128
33.922775,-13.7754965
34.482086,-12.176836
35.2289,-12.272506
35.10834,-12.301807
35.027664,-12.628298
35.408813,-12.342487
8.974477,26.489605
9.737337,26.850107
9.986264,26.25305
9.819238,25.664131
9.078777,25.863688
9.262144,26.3914
8.103601,21.682613
8.782497,23.721258
37.773582,-13.53613
37.796604,-13.507176
37.894352,-13.421308
34.20061,-17.943502
34.132736,-18.15372
32.77216,-18.559004
32.78574,-18.51596
17.539118,-34.49378
16.882215,-34.699474
16.391771,-35.117657
16.63779,-36.002296
18.189205,-32.782394
16.847506,-35.32592
16.228966,-36.182777
27.28726,17.976
26.820131,17.689146
27.041063,18.025944
9.341839,33.483006
9.2585,33.552456
25.096039,16.177858
25.275236,16.051718
25.4647,16.064165
25.195858,16.316929
25.860497,17.585434
25.88649,17.553274
37.47616,-27.468414
37.82424,-28.006207
37.58894,-26.243238
37.41034,-26.539722
36.38774,-25.999044
37.377056,-25.737131
38.431934,-25.594927
38.64591,-25.402191
21.378342,17.553904
-13.007691,-42.110138
28.121883,-24.948572
28.373417,-25.061958
28.413717,-25.13006
29.803102,-22.02899
29.504154,-22.72392
29.310658,-22.118977
29.009165,-21.637672
28.913828,-22.44384
28.832438,-22.921196
25.463253,-39.418877
25.408081,-39.435944
25.25628,-39.473408
24.63141,-39.66392
24.615149,-39.665253
18.715635,-29.09069
18.811571,-29.057636
14.176525,-31.68464
-17.88041,-43.44671
-18.254868,-29.135412
-19.774385,-26.21381
-20.801214,-25.821302
-20.48222,-26.048975
-20.128521,-25.570412
-19.66728,-25.07597
-20.305767,-24.65795
-20.657589,-24.530094
-21.006601,-24.546465
-20.641533,-25.120419
-18.764105,-28.765392
-19.60452,-29.74658
-19.778633,-30.075233
-19.799313,-30.105413
9.980958,32.996407
27.87895,23.549189
9.850724,28.872519
8.939801,28.411404
6.7678466,29.670954
5.9881263,31.137907
4.797949,31.533407
4.8874264,30.888548
5.697241,31.372442
5.4090834,31.787054
7.7755723,26.810942
7.6250553,26.749748
7.2188764,26.117554
6.920733,26.863045
5.575025,28.053192
3.6012812,29.130674
3.4159946,29.822422
2.9831245,29.996395
0.557732,34.053066
0.25680488,34.815083
0.2549708,35.489605
0.120575175,35.71456
5.5745482,29.635004
5.4637136,30.251757
5.818269,30.113869
4.7118516,30.234312
-1.3042203,31.62818
-1.5017081,31.729872
4.833553,28.15547
-18.931152,-35.63879
-18.255604,-35.854767
-18.696737,-36.00303
-19.447474,-35.73593
-18.695103,-34.88053
-19.596598,-35.076405
-19.266739,-34.951473
-18.39942,-35.43688
-20.964367,-34.31854
-19.392607,-34.418404
-25.328215,-29.875393
-25.62419,-31.036367
-26.01856,-34.03615
-25.89801,-34.18704
-24.087868,-35.235504
-24.522812,-34.63061
-20.856602,-36.432587
-24.119555,-38.995647
-25.097101,-39.260307
-25.139957,-39.60064
-25.175957,-39.735863
-24.147383,-39.587788
-24.102875,-39.41753
-22.830694,-39.254112
-22.719355,-39.976967
-22.654228,-39.394302
-22.696274,-39.713654
-22.796507,-36.04738
-22.862589,-36.22437
-22.845043,-36.227863
-8.738323,-38.051403
-8.741913,-38.05144
-23.666338,-33.61927
-22.805634,-32.168144
-22.78506,-31.939804
-21.541504,-33.014908
-22.582905,-32.957672
-22.548676,-33.294556
-23.251507,-33.48487
-21.32207,-32.746548
-0.112991296,21.197216
-12.9689455,42.28232
-0.11456665,21.211485
-17.147877,47.65897
-17.247995,47.83941
-18.667723,51.76046
-18.120216,49.029476
-17.846973,49.48281
-18.080416,49.913464
-18.544168,49.180584
-18.559233,49.612785
-18.20351,52.879654
-18.517485,53.1169
-18.487675,52.544994
-18.162462,52.066814
-18.496876,51.38945
-17.654976,49.26167
2.615433,26.278368
-0.97901475,28.90605
-1.3493274,29.041374
-2.3064363,30.458984
-2.4200106,30.772207
0.48618466,28.715689
-3.323036,32.207397
-3.4668622,32.121727
1.1558231,28.821156
-3.7146754,32.31382
-3.5327868,32.92498
-3.7891748,33.10498
-4.189019,33.036232
-4.307313,33.632305
-3.9826062,33.972343
-15.749637,43.44232
-15.765528,43.682583
-15.81214,44.281853
-16.018183,45.433502
-16.318636,46.412228
-16.303421,50.496174
-16.579168,52.516777
-16.505812,50.01299
-11.826607,46.52783
-11.646655,45.94503
-11.616457,45.405724
-11.598134,44.140484
-11.376661,44.06955
-10.920552,44.087185
-10.379649,44.250484
-13.4208355,45.10483
-11.653231,42.25643
-16.708881,-23.951569
-16.556366,-24.364592
-17.391256,-24.237577
-17.293644,-24.220654
-16.07975,-25.441116
-9.043882,46.14581
-9.227856,46.767235
-7.712731,50.295547
-8.098479,50.877235
-19.920666,-23.81155
-20.16921,-23.57614
-17.410818,-44.338177
-17.108894,-45.146698
-17.312164,-44.60507
-11.437822,41.973686
-8.243477,49.88396
-9.753936,47.499462
-10.19193,47.808086
-8.914215,50.224876
-8.736981,49.99158
-8.615791,50.073627
-9.6600485,44.52268
-8.324745,46.81813
-14.185242,-53.567017
-14.205037,-53.58835
-7.5901003,5.434008
-7.6614823,5.5520644
-7.71838,5.650917
-6.384311,-60.924065
-7.796241,-60.438644
-30.679733,25.996286
-18.78327,58.268745
-18.857792,56.256096
-20.101822,43.793056
-19.01098,56.317936
-10.695184,59.357082
-10.571101,59.579346
-11.293711,59.856712
-4.508594,-46.861523
-17.93103,55.89657
-12.771544,59.51504
-13.384692,59.866165
-11.211656,59.561802
-11.646877,58.88177
-13.106884,60.307796
-12.842881,60.212833
7.1882896,53.132793
-6.900034,59.741314
-6.900029,59.74132
-13.433957,59.273174
-7.465504,59.8026
-12.915888,58.676647
-16.241339,57.68298
-16.257717,58.043724
-15.678609,56.94851
-16.023327,57.303547
-14.254851,58.50257
-14.634635,58.877544
-15.163236,57.53425
-15.410214,58.00651
15.771005,50.07983
-13.994905,57.637863
2.2749867,53.922623
2.2596593,53.927006
2.2496483,53.949093
4.8801103,53.180603
6.588383,53.65874
5.1017036,54.08386
4.646399,52.282135
4.638706,52.656265
6.511985,53.74998
5.0654263,54.048912
5.771541,48.56952
6.3549714,49.26737
-18.8012,55.543526
-18.256124,56.561855
-17.73691,56.734535
-17.948822,56.941563
-20.366314,57.456596
-19.75214,57.63322
-19.443205,57.707638
-8.417212,-60.317364
-8.628434,-60.35717
-5.145362,-62.680058
-5.2896066,-61.19441
-7.5688725,-60.463367
-6.3165092,-60.95858
-5.339603,-61.71683
-6.945628,-63.994007
-6.9259014,-63.99811
-7.4607873,-64.093605
-17.023502,52.83721
-17.605738,53.73586
-13.990607,55.63418
-14.605098,56.33661
-13.717033,55.17178
-7.2922482,59.713326
-14.742866,57.201572
-17.089182,59.192303
-17.077234,59.162304
-18.6542,59.346592
-17.76651,58.723244
13.605263,51.818398
13.621449,52.2162
-11.517029,-48.814445
-5.7591934,-47.99129
-5.827813,-48.03525
-20.49159,-56.735706
-20.897118,-56.702213
-36.646748,-38.520824
-20.09534,-46.87441
10.700557,-16.923372
-27.134811,-48.99923
-26.849798,-49.615704
-27.266788,-49.358814
-27.672977,-48.229137
-27.80647,-49.114784
-27.038134,-49.049522
-21.611795,-45.259872
-17.60357,-44.02349
-21.522411,-54.86212
-19.672293,-55.088898
-19.092306,-55.459827
-19.377413,-55.370724
-20.257162,-54.969536
-21.408321,-55.276184
-21.461742,-55.396526
-20.652676,-55.237846
-28.466105,-36.587856
-28.41494,-36.506508
-28.005533,-36.067585
-28.53239,-37.06061
-28.557518,-41.99309
-28.564009,-42.22327
-28.545362,-42.702198
-28.549551,-43.24876
-27.86527,-42.723255
-27.966995,-44.034264
-26.874046,-44.116653
-27.050436,-44.19088
-27.350313,-46.503944
-26.683846,-46.78648
-26.86987,-46.92301
-27.35046,-46.50804
-28.896563,-35.357246
-36.108673,-39.169643
-35.881073,-39.153328
-35.725662,-38.80741
-35.714157,-38.997528
-35.39492,-38.743164
-15.743142,-46.768093
-15.671885,-45.90106
-12.660688,-43.86405
-15.792743,-46.686916
-13.039547,-42.13654
-11.803244,-42.515316
-15.454337,-56.7744
-15.912379,-56.60499
-16.298578,-56.586212
-16.472305,-56.542274
-16.630878,-56.492794
-17.059359,-56.437897
-19.229671,-44.627037
-21.171185,-50.119778
-19.80989,-48.911396
-19.910568,-48.95882
-21.391926,-49.501774
-20.585732,-49.30613
-20.525328,-49.203354
-21.525047,-49.842785
-22.001842,-49.261925
-18.99604,-49.986374
-18.352842,-49.352837
-17.465662,-48.71867
-18.0401,-49.82233
-18.776217,-50.282715
-18.602083,-50.991318
-18.845697,-51.32441
-21.346998,-54.233227
-19.312328,-53.135216
-19.028566,-51.884796
-17.984718,-50.785835
-18.573895,-49.732857
-24.243504,-43.61708
-24.218395,-43.6056
-24.179104,-44.141132
-24.179548,-44.137848
-25.63463,-50.469967
-22.732088,-47.335102
-22.556845,-47.557003
-23.115644,-47.294514
-23.007437,-47.408436
-25.043938,-49.529945
-25.13798,-49.520897
-23.83306,-49.71345
-23.584906,-49.605743
-23.866812,-49.8512
-23.742155,-50.052105
-15.335466,-41.335
